"Cycle","Time","Iso","BaseSignal","TrueState","StateFactor"
1,177.636,0.707041176941103,0.7078,0,"Core"
2,178.16,0.707433292234501,0.7078,0,"Core"
3,178.684,0.708353213863075,0.7078,0,"Core"
4,179.208,0.708061209705853,0.7078,0,"Core"
5,179.732,0.707734882940723,0.7078,0,"Core"
6,180.256,0.708561651008665,0.7078,0,"Core"
7,180.78,0.707074011489279,0.7078,0,"Core"
8,181.304,0.70610914603166,0.7078,0,"Core"
9,181.828,0.70677826417016,0.7078,0,"Core"
10,182.352,0.706749191686031,0.7078,0,"Core"
11,182.876,0.707810672025571,0.7078,0,"Core"
12,183.4,0.707324985715362,0.7078,0,"Core"
13,183.924,0.707845405954661,0.7078,0,"Core"
14,184.448,0.708331099672902,0.7078,0,"Core"
15,184.972,0.70744385954667,0.7078,0,"Core"
16,185.496,0.708485184368937,0.7078,0,"Core"
17,186.02,0.708623015328674,0.7078,0,"Core"
18,186.544,0.706119092857285,0.7078,0,"Core"
19,187.068,0.707502440059831,0.7078,0,"Core"
20,187.592,0.708142189914542,0.7078,0,"Core"
21,188.116,0.708767893114423,0.7078,0,"Core"
22,188.64,0.708820573681538,0.7078,0,"Core"
23,189.164,0.707645886097746,0.7078,0,"Core"
24,189.688,0.70776950492043,0.7078,0,"Core"
25,190.212,0.707394858542654,0.7078,0,"Core"
26,190.736,0.70761822670938,0.7078,0,"Core"
27,191.26,0.708278753549721,0.7078,0,"Core"
28,191.784,0.708105044375755,0.7078,0,"Core"
29,192.308,0.707700707040564,0.7078,0,"Core"
30,192.832,0.708376995236536,0.7078,0,"Core"
31,193.356,0.708404055894692,0.7078,0,"Core"
32,193.88,0.707552075921813,0.7078,0,"Core"
33,194.404,0.708492410909666,0.7078,0,"Core"
34,194.928,0.708958791215719,0.7078,0,"Core"
35,195.452,0.708220376209994,0.7078,0,"Core"
36,195.976,0.708705027615962,0.7078,0,"Core"
37,196.5,0.708224687633401,0.7078,0,"Core"
38,197.024,0.708019631003573,0.7078,0,"Core"
39,197.548,0.707923348205477,0.7078,0,"Core"
40,198.072,0.707589596982468,0.7078,0,"Core"
41,198.596,0.70757258068362,0.7078,0,"Core"
42,199.12,0.707164779819435,0.7078,0,"Core"
43,199.644,0.706727350309035,0.7078,0,"Core"
44,200.168,0.708989407337875,0.7078,0,"Core"
45,200.692,0.707390369223182,0.7078,0,"Core"
46,201.216,0.70578495437154,0.7078,0,"Core"
47,201.74,0.706000144867751,0.7078,0,"Core"
48,202.264,0.705653238575896,0.7078,0,"Core"
49,202.788,0.707060370455712,0.7078,0,"Core"
50,203.312,0.706471122819466,0.7078,0,"Core"
51,203.836,0.705943350861225,0.7078,0,"Core"
52,204.36,0.706078626362744,0.7078,0,"Core"
53,204.884,0.70638827696391,0.7078,0,"Core"
54,205.408,0.707939492413685,0.7078,0,"Core"
55,205.932,0.706753872329346,0.7078,0,"Core"
56,206.456,0.708485610405607,0.7078,0,"Core"
57,206.98,0.707173967528074,0.7078,0,"Core"
58,207.504,0.708377323704768,0.7078,0,"Core"
59,208.028,0.70763517606773,0.7078,0,"Core"
60,208.552,0.708726078986386,0.7078,0,"Core"
61,209.076,0.708480360066741,0.7078,0,"Core"
62,209.6,0.706979767709109,0.7078,0,"Core"
63,210.124,0.707133118677434,0.7078,0,"Core"
64,210.648,0.705973295931568,0.7078,0,"Core"
65,211.172,0.706186657865054,0.7078,0,"Core"
66,211.696,0.706986438253912,0.7078,0,"Core"
67,212.22,0.707689291487763,0.7078,0,"Core"
68,212.744,0.708096880825148,0.7078,0,"Core"
69,213.268,0.708087346349737,0.7078,0,"Core"
70,213.792,0.709106445608059,0.7078,0,"Core"
71,214.316,0.708463628257478,0.7078,0,"Core"
72,214.84,0.706889744248113,0.7078,0,"Core"
73,215.364,0.708147697159135,0.7078,0,"Core"
74,215.888,0.707662168328118,0.7078,0,"Core"
75,216.412,0.707699257773325,0.7078,0,"Core"
76,216.936,0.708757456622161,0.7078,0,"Core"
77,217.46,0.708321601452086,0.707450376152219,0.5,"Core"
78,217.984,0.707736660441675,0.707443949475639,0.5,"Core"
79,218.508,0.708686100981906,0.70743744973143,0.5,"Core"
80,219.032,0.708483484439331,0.70743087773196,0.5,"Core"
81,219.556,0.70842936331328,0.707424234353413,0.5,"Core"
82,220.08,0.708504775762686,0.707417520536188,0.5,"Core"
83,220.604,0.708497299439703,0.707410737285216,0.5,"Core"
84,221.128,0.708115268526824,0.707403885670152,0.5,"Core"
85,221.652,0.707006568387667,0.707396966825466,0.5,"Core"
86,222.176,0.707655737324254,0.70738998195042,0.5,"Core"
87,222.7,0.707941412057749,0.707382932308928,0.5,"Core"
88,223.224,0.707637454750123,0.707375819229291,0.5,"Core"
89,223.748,0.707607148342429,0.707368644103819,0.5,"Core"
90,224.272,0.708593488743435,0.707361408388321,0.5,"Core"
91,224.796,0.708179903859897,0.707354113601476,0.5,"Core"
92,225.32,0.70769501470063,0.707346761324066,0.5,"Core"
93,225.844,0.70754735679792,0.707339353198093,0.5,"Core"
94,226.368,0.707611493194976,0.707331890925759,0.5,"Core"
95,226.892,0.708633201450984,0.707324376268314,0.5,"Core"
96,227.416,0.708173134277506,0.707316811044784,0.5,"Core"
97,227.94,0.709208562310268,0.707309197130562,0.5,"Core"
98,228.464,0.709194664649818,0.707301536455878,0.5,"Core"
99,228.988,0.708406257996686,0.707293831004134,0.5,"Core"
100,229.512,0.707940108110896,0.707286082810128,0.5,"Core"
101,230.036,0.707947506055331,0.707278293958146,0.5,"Core"
102,230.56,0.707976058001271,0.70727046657994,0.5,"Core"
103,231.084,0.707488742855504,0.707262602852593,0.5,"Core"
104,231.608,0.707440271603922,0.707254704996267,0.5,"Core"
105,232.132,0.70704694696871,0.707246775271855,0.5,"Core"
106,232.656,0.707881101036651,0.707238815978522,0.5,"Core"
107,233.18,0.707249077899204,0.707230829451152,0.5,"Core"
108,233.704,0.706641149106567,0.707222818057708,0.5,"Core"
109,234.228,0.706959122804586,0.707214784196506,0.5,"Core"
110,234.752,0.707551176741424,0.707206730293408,0.5,"Core"
111,235.276,0.70679606619693,0.707198658798947,0.5,"Core"
112,235.8,0.70625724307505,0.707190572185386,0.5,"Core"
113,236.324,0.704824997850957,0.707182472943723,0.5,"Core"
114,236.848,0.706026365525869,0.707174363580642,0.5,"Core"
115,237.372,0.706509156379561,0.70716624661543,0.5,"Core"
116,237.896,0.706066510907341,0.707158124576849,0.5,"Core"
117,238.42,0.705337535763639,0.70715,0.5,"Core"
118,238.944,0.705338626175636,0.707141875423151,0.5,"Core"
119,239.468,0.705997621724048,0.70713375338457,0.5,"Core"
120,239.992,0.707002295698765,0.707125636419358,0.5,"Core"
121,240.516,0.70742922853027,0.707117527056277,0.5,"Core"
122,241.04,0.707559297650645,0.707109427814614,0.5,"Core"
123,241.564,0.707544098558207,0.707101341201053,0.5,"Core"
124,242.088,0.707504614917925,0.707093269706592,0.5,"Core"
125,242.612,0.708547133377987,0.707085215803494,0.5,"Core"
126,243.136,0.706693908969128,0.707077181942292,0.5,"Core"
127,243.66,0.707120896112922,0.707069170548848,0.5,"Core"
128,244.184,0.707508210890208,0.707061184021478,0.5,"Core"
129,244.708,0.706483066028417,0.707053224728145,0.5,"Core"
130,245.232,0.706786376657864,0.707045295003733,0.5,"Core"
131,245.756,0.707029502189424,0.707037397147407,0.5,"Core"
132,246.28,0.706921342273787,0.70702953342006,0.5,"Core"
133,246.804,0.707020962173076,0.707021706041854,0.5,"Core"
134,247.328,0.707111890218472,0.707013917189872,0.5,"Core"
135,247.852,0.705586095380677,0.707006168995866,0.5,"Core"
136,248.376,0.707342334665113,0.706998463544122,0.5,"Core"
137,248.9,0.705633195748149,0.706990802869438,0.5,"Core"
138,249.424,0.706913869426218,0.706983188955216,0.5,"Core"
139,249.948,0.708293982177192,0.706975623731686,0.5,"Core"
140,250.472,0.706249064512916,0.706968109074241,0.5,"Core"
141,250.996,0.707671912043476,0.706960646801907,0.5,"Core"
142,251.52,0.706699566790909,0.706953238675934,0.5,"Core"
143,252.044,0.7058347490155,0.706945886398524,0.5,"Core"
144,252.568,0.706173072947665,0.706938591611679,0.5,"Core"
145,253.092,0.705785302288179,0.706931355896181,0.5,"Core"
146,253.616,0.705565545227201,0.706924180770709,0.5,"Core"
147,254.14,0.706053546518484,0.706917067691072,0.5,"Core"
148,254.664,0.707341304688945,0.70691001804958,0.5,"Core"
149,255.188,0.707722397701531,0.706903033174534,0.5,"Core"
150,255.712,0.705094076737879,0.706896114329848,0.5,"Core"
151,256.236,0.707423271376455,0.706889262714784,0.5,"Core"
152,256.76,0.709060283461502,0.706882479463812,0.5,"Core"
153,257.284,0.708400905153773,0.706875765646587,0.5,"Core"
154,257.808,0.707741164040054,0.70686912226804,0.5,"Core"
155,258.332,0.708378465174599,0.70686255026857,0.5,"Core"
156,258.856,0.707467899486547,0.706856050524361,0.5,"Core"
157,259.38,0.707481953140453,0.706849623847781,0.5,"Core"
158,259.904,0.705695804271869,0.7065,1,"State 1"
159,260.428,0.706187614132151,0.7065,1,"State 1"
160,260.952,0.706063303669725,0.7065,1,"State 1"
161,261.476,0.706706413607196,0.7065,1,"State 1"
162,262,0.70564434624166,0.7065,1,"State 1"
163,262.524,0.705581896923364,0.7065,1,"State 1"
164,263.048,0.706987068658244,0.7065,1,"State 1"
165,263.572,0.705916970256577,0.7065,1,"State 1"
166,264.096,0.705665146686762,0.7065,1,"State 1"
167,264.62,0.706025222779504,0.7065,1,"State 1"
168,265.144,0.705483684515857,0.7065,1,"State 1"
169,265.668,0.706107036493827,0.7065,1,"State 1"
170,266.192,0.706958489066229,0.7065,1,"State 1"
171,266.716,0.706293084548997,0.7065,1,"State 1"
172,267.24,0.706071640080879,0.7065,1,"State 1"
173,267.764,0.70540043487054,0.7065,1,"State 1"
174,268.288,0.706403604856889,0.7065,1,"State 1"
175,268.812,0.704733804833347,0.7065,1,"State 1"
176,269.336,0.705179105981625,0.7065,1,"State 1"
177,269.86,0.705546364957195,0.7065,1,"State 1"
178,270.384,0.706126490922562,0.7065,1,"State 1"
179,270.908,0.70627492337902,0.7065,1,"State 1"
180,271.432,0.705243699391384,0.7065,1,"State 1"
181,271.956,0.704854050480571,0.7065,1,"State 1"
182,272.48,0.706794148298863,0.7065,1,"State 1"
183,273.004,0.706540501846573,0.7065,1,"State 1"
184,273.528,0.707220759134209,0.7065,1,"State 1"
185,274.052,0.707187530957204,0.7065,1,"State 1"
186,274.576,0.706217468165007,0.7065,1,"State 1"
187,275.1,0.706541990909876,0.7065,1,"State 1"
188,275.624,0.706387534434032,0.7065,1,"State 1"
189,276.148,0.707718711111593,0.7065,1,"State 1"
190,276.672,0.706894537506434,0.7065,1,"State 1"
191,277.196,0.707628344527869,0.7065,1,"State 1"
192,277.72,0.707436483007756,0.7065,1,"State 1"
193,278.244,0.706732424127479,0.7065,1,"State 1"
194,278.768,0.706096354649253,0.7065,1,"State 1"
195,279.292,0.706528055431279,0.7065,1,"State 1"
196,279.816,0.708415074085732,0.7065,1,"State 1"
197,280.34,0.707673779657971,0.7065,1,"State 1"
198,280.864,0.70672431911417,0.7065,1,"State 1"
199,281.388,0.706543682748043,0.7065,1,"State 1"
200,281.912,0.705492053295497,0.7065,1,"State 1"
201,282.436,0.707956473406315,0.7065,1,"State 1"
202,282.96,0.706696044504694,0.7065,1,"State 1"
203,283.484,0.705575866123333,0.7065,1,"State 1"
204,284.008,0.706531986582053,0.7065,1,"State 1"
205,284.532,0.705494005438052,0.7065,1,"State 1"
206,285.056,0.705426764134464,0.7065,1,"State 1"
207,285.58,0.704929720134923,0.7065,1,"State 1"
208,286.104,0.705689838232829,0.7065,1,"State 1"
209,286.628,0.707189613048578,0.7065,1,"State 1"
210,287.152,0.706588839804531,0.7065,1,"State 1"
211,287.676,0.706861952711238,0.7065,1,"State 1"
212,288.2,0.707112097653106,0.7065,1,"State 1"
213,288.724,0.707779093942043,0.7065,1,"State 1"
214,289.248,0.70572163650815,0.7065,1,"State 1"
215,289.772,0.70556510614066,0.7065,1,"State 1"
216,290.296,0.707087032173577,0.7065,1,"State 1"
217,290.82,0.706466185088034,0.7065,1,"State 1"
218,291.344,0.705675460664568,0.7065,1,"State 1"
219,291.868,0.705307958900327,0.7065,1,"State 1"
220,292.392,0.704919087465304,0.7065,1,"State 1"
221,292.916,0.70608464509523,0.7065,1,"State 1"
222,293.44,0.707358671484603,0.7065,1,"State 1"
223,293.964,0.707833537435358,0.7065,1,"State 1"
224,294.488,0.706787621841755,0.7065,1,"State 1"
225,295.012,0.706497826775206,0.7065,1,"State 1"
226,295.536,0.707230858358511,0.7065,1,"State 1"
227,296.06,0.706722360631401,0.7065,1,"State 1"
228,296.584,0.706260597457034,0.7065,1,"State 1"
229,297.108,0.706482710705657,0.7065,1,"State 1"
230,297.632,0.705337822132236,0.7065,1,"State 1"
231,298.156,0.707377004055798,0.7065,1,"State 1"
232,298.68,0.706168559603962,0.7065,1,"State 1"
233,299.204,0.706520680463946,0.7065,1,"State 1"
234,299.728,0.706717596780907,0.7065,1,"State 1"
235,300.252,0.706912775568647,0.7065,1,"State 1"
236,300.776,0.707013807264054,0.7065,1,"State 1"
237,301.3,0.706378368135628,0.7065,1,"State 1"
238,301.824,0.706548034643476,0.7065,1,"State 1"
239,302.348,0.706581666590536,0.7065,1,"State 1"
240,302.872,0.706342186495196,0.7065,1,"State 1"
241,303.396,0.705684154020915,0.7065,1,"State 1"
242,303.92,0.706356918572991,0.7065,1,"State 1"
243,304.444,0.707477337925518,0.7065,1,"State 1"
244,304.968,0.706223766509886,0.7065,1,"State 1"
245,305.492,0.706869409422766,0.7065,1,"State 1"
246,306.016,0.70771425634487,0.7065,1,"State 1"
247,306.54,0.707096438410406,0.7065,1,"State 1"
248,307.064,0.706597042632105,0.7065,1,"State 1"
249,307.588,0.70663638468409,0.7065,1,"State 1"
250,308.112,0.707591057080332,0.7065,1,"State 1"
251,308.636,0.707052306870254,0.7065,1,"State 1"
252,309.16,0.707071513332207,0.7065,1,"State 1"
253,309.684,0.706627668621911,0.7065,1,"State 1"
254,310.208,0.707545203309345,0.7065,1,"State 1"
255,310.732,0.707997228403441,0.7065,1,"State 1"
256,311.256,0.707368220640885,0.7065,1,"State 1"
257,311.78,0.707629093722997,0.7065,1,"State 1"
258,312.304,0.70708764788678,0.7065,1,"State 1"
259,312.828,0.707025988755155,0.7065,1,"State 1"
260,313.352,0.705349206768295,0.7065,1,"State 1"
261,313.876,0.706209584853939,0.7065,1,"State 1"
262,314.4,0.706430948418829,0.7065,1,"State 1"
263,314.924,0.705299031083597,0.7065,1,"State 1"
264,315.448,0.706477105710152,0.7065,1,"State 1"
265,315.972,0.706091235073165,0.7065,1,"State 1"
266,316.496,0.706514979628313,0.7065,1,"State 1"
267,317.02,0.70567530002032,0.7065,1,"State 1"
268,317.544,0.704743580741343,0.7065,1,"State 1"
269,318.068,0.705687478023763,0.7065,1,"State 1"
270,318.592,0.706798437203088,0.7065,1,"State 1"
271,319.116,0.70678252847751,0.7065,1,"State 1"
272,319.64,0.70716233101405,0.7065,1,"State 1"
273,320.164,0.707139480569785,0.7065,1,"State 1"
274,320.688,0.705420731609083,0.7065,1,"State 1"
275,321.212,0.705787168662938,0.7065,1,"State 1"
276,321.736,0.704484071504252,0.7065,1,"State 1"
277,322.26,0.70560818353454,0.7065,1,"State 1"
278,322.784,0.705834452086943,0.7065,1,"State 1"
279,323.308,0.70714739278314,0.7065,1,"State 1"
280,323.832,0.707102491626003,0.7065,1,"State 1"
281,324.356,0.706504218290961,0.7065,1,"State 1"
282,324.88,0.708122008862882,0.7065,1,"State 1"
283,325.404,0.707320286351539,0.7065,1,"State 1"
284,325.928,0.70706131429863,0.7065,1,"State 1"
285,326.452,0.707479366968534,0.7065,1,"State 1"
286,326.976,0.707895901465793,0.7065,1,"State 1"
287,327.5,0.70792205280762,0.7065,1,"State 1"
288,328.024,0.708449076820845,0.7065,1,"State 1"
289,328.548,0.706746420403397,0.7065,1,"State 1"
290,329.072,0.707197974787426,0.7065,1,"State 1"
291,329.596,0.707764084339582,0.7065,1,"State 1"
292,330.12,0.707820140320675,0.7065,1,"State 1"
293,330.644,0.707839588944267,0.7065,1,"State 1"
294,331.168,0.706647217149469,0.7065,1,"State 1"
295,331.692,0.707767974220929,0.7065,1,"State 1"
296,332.216,0.707063745491153,0.7065,1,"State 1"
297,332.74,0.707890518214798,0.7065,1,"State 1"
298,333.264,0.705729458974532,0.7065,1,"State 1"
299,333.788,0.706298849455557,0.7065,1,"State 1"
300,334.312,0.706317244787063,0.7065,1,"State 1"
301,334.836,0.705093464206159,0.7065,1,"State 1"
302,335.36,0.705317109690663,0.7065,1,"State 1"
303,335.884,0.704567082292349,0.7065,1,"State 1"
304,336.408,0.704104918273942,0.7065,1,"State 1"
305,336.932,0.705524525272656,0.7065,1,"State 1"
306,337.456,0.705847453651846,0.7065,1,"State 1"
307,337.98,0.70399435373202,0.7065,1,"State 1"
308,338.504,0.705500579883658,0.7065,1,"State 1"
309,339.028,0.707005084923699,0.7065,1,"State 1"
310,339.552,0.707770637337931,0.7065,1,"State 1"
311,340.076,0.707547574825445,0.7065,1,"State 1"
312,340.6,0.707479209697209,0.70623105857863,1.5,"State 1"
313,341.124,0.70558583367683,0.706226114981261,1.5,"State 1"
314,341.648,0.706441365146284,0.706221115178023,1.5,"State 1"
315,342.172,0.70611119608322,0.706216059793816,1.5,"State 1"
316,342.696,0.706612905209572,0.706210949502625,1.5,"State 1"
317,343.22,0.707295317649403,0.706205785027837,1.5,"State 1"
318,343.744,0.706855617828296,0.706200567142474,1.5,"State 1"
319,344.268,0.70832058088015,0.706195296669348,1.5,"State 1"
320,344.792,0.706989652620845,0.706189974481128,1.5,"State 1"
321,345.316,0.706150986422245,0.706184601500323,1.5,"State 1"
322,345.84,0.707823660094443,0.706179178699175,1.5,"State 1"
323,346.364,0.705682468536923,0.706173707099454,1.5,"State 1"
324,346.888,0.706730541615466,0.706168187772168,1.5,"State 1"
325,347.412,0.706509811764914,0.70616262183717,1.5,"State 1"
326,347.936,0.7074343144909,0.706157010462674,1.5,"State 1"
327,348.46,0.707320301779907,0.706151354864666,1.5,"State 1"
328,348.984,0.707220122692598,0.706145656306226,1.5,"State 1"
329,349.508,0.706927771776607,0.706139916096738,1.5,"State 1"
330,350.032,0.706068219830313,0.706134135591011,1.5,"State 1"
331,350.556,0.706137353938402,0.706128316188295,1.5,"State 1"
332,351.08,0.705491957587327,0.706122459331202,1.5,"State 1"
333,351.604,0.706290542490106,0.706116566504521,1.5,"State 1"
334,352.128,0.708308199609952,0.706110639233949,1.5,"State 1"
335,352.652,0.707482996326908,0.706104679084714,1.5,"State 1"
336,353.176,0.705467921840276,0.706098687660113,1.5,"State 1"
337,353.7,0.706199627218676,0.706092666599954,1.5,"State 1"
338,354.224,0.706990892059304,0.706086617578917,1.5,"State 1"
339,354.748,0.707097573150764,0.706080542304821,1.5,"State 1"
340,355.272,0.705653472237661,0.706074442516812,1.5,"State 1"
341,355.796,0.70650204861128,0.706068319983478,1.5,"State 1"
342,356.32,0.707191395811855,0.706062176500886,1.5,"State 1"
343,356.844,0.707198789025076,0.706056013890545,1.5,"State 1"
344,357.368,0.706561037177199,0.706049833997312,1.5,"State 1"
345,357.892,0.706217938866045,0.706043638687237,1.5,"State 1"
346,358.416,0.705642172580671,0.706037429845344,1.5,"State 1"
347,358.94,0.706359180803489,0.706031209373374,1.5,"State 1"
348,359.464,0.705761531569721,0.706024979187479,1.5,"State 1"
349,359.988,0.705603280861408,0.706018741215879,1.5,"State 1"
350,360.512,0.705830922729321,0.706012497396484,1.5,"State 1"
351,361.036,0.706154077592497,0.7060062496745,1.5,"State 1"
352,361.56,0.704593906722172,0.706,1.5,"State 1"
353,362.084,0.705489231282297,0.7059937503255,1.5,"State 1"
354,362.608,0.705945953235946,0.705987502603516,1.5,"State 1"
355,363.132,0.706230959203354,0.705981258784121,1.5,"State 1"
356,363.656,0.705950386311276,0.705975020812521,1.5,"State 1"
357,364.18,0.705940585880911,0.705968790626626,1.5,"State 1"
358,364.704,0.706098069844693,0.705962570154656,1.5,"State 1"
359,365.228,0.705710835106376,0.705956361312763,1.5,"State 1"
360,365.752,0.708140098280274,0.705950166002688,1.5,"State 1"
361,366.276,0.706467402015741,0.705943986109455,1.5,"State 1"
362,366.8,0.706547887559624,0.705937823499114,1.5,"State 1"
363,367.324,0.706474844537895,0.705931680016522,1.5,"State 1"
364,367.848,0.707216819953794,0.705925557483188,1.5,"State 1"
365,368.372,0.706781606360331,0.705919457695179,1.5,"State 1"
366,368.896,0.706207689798267,0.705913382421083,1.5,"State 1"
367,369.42,0.706484328232181,0.705907333400046,1.5,"State 1"
368,369.944,0.706064784403652,0.705901312339888,1.5,"State 1"
369,370.468,0.707324796159777,0.705895320915286,1.5,"State 1"
370,370.992,0.706499131622407,0.705889360766051,1.5,"State 1"
371,371.516,0.707641937854658,0.705883433495479,1.5,"State 1"
372,372.04,0.706134430164658,0.705877540668798,1.5,"State 1"
373,372.564,0.706479647009617,0.705871683811705,1.5,"State 1"
374,373.088,0.707655450103343,0.705865864408989,1.5,"State 1"
375,373.612,0.707048015881973,0.705860083903262,1.5,"State 1"
376,374.136,0.706519570650304,0.705854343693774,1.5,"State 1"
377,374.66,0.705249187700159,0.705848645135334,1.5,"State 1"
378,375.184,0.705788284464163,0.705842989537326,1.5,"State 1"
379,375.708,0.705730467138403,0.70583737816283,1.5,"State 1"
380,376.232,0.704487668778001,0.705831812227832,1.5,"State 1"
381,376.756,0.705011320010062,0.705826292900546,1.5,"State 1"
382,377.28,0.705807442213111,0.705820821300825,1.5,"State 1"
383,377.804,0.70628389509324,0.705815398499677,1.5,"State 1"
384,378.328,0.704899944376698,0.705810025518872,1.5,"State 1"
385,378.852,0.70598715853266,0.705804703330652,1.5,"State 1"
386,379.376,0.705893517260028,0.705799432857526,1.5,"State 1"
387,379.9,0.705080156094477,0.705794214972163,1.5,"State 1"
388,380.424,0.704824438530828,0.705789050497375,1.5,"State 1"
389,380.948,0.70494533305934,0.705783940206184,1.5,"State 1"
390,381.472,0.706014127534416,0.705778884821977,1.5,"State 1"
391,381.996,0.705513157634481,0.705773885018739,1.5,"State 1"
392,382.52,0.705002149543736,0.70576894142137,1.5,"State 1"
393,383.044,0.705898733963983,0.7055,2,"State 2"
394,383.568,0.704479276514494,0.7055,2,"State 2"
395,384.092,0.705246406709332,0.7055,2,"State 2"
396,384.616,0.706394216841585,0.7055,2,"State 2"
397,385.14,0.705092980231428,0.7055,2,"State 2"
398,385.664,0.705943520320729,0.7055,2,"State 2"
399,386.188,0.705547070917334,0.7055,2,"State 2"
400,386.712,0.705447834130873,0.7055,2,"State 2"
401,387.236,0.705176091500887,0.7055,2,"State 2"
402,387.76,0.704404875418753,0.7055,2,"State 2"
403,388.284,0.704032571025116,0.7055,2,"State 2"
404,388.808,0.705090354902587,0.7055,2,"State 2"
405,389.332,0.705654875783075,0.7055,2,"State 2"
406,389.856,0.704651982174492,0.7055,2,"State 2"
407,390.38,0.705287528015564,0.7055,2,"State 2"
408,390.904,0.705596806593179,0.7055,2,"State 2"
409,391.428,0.704621908474858,0.7055,2,"State 2"
410,391.952,0.705613493300875,0.7055,2,"State 2"
411,392.476,0.705032915086599,0.7055,2,"State 2"
412,393,0.705354827539746,0.7055,2,"State 2"
413,393.524,0.705234960036813,0.7055,2,"State 2"
414,394.048,0.705165632614738,0.7055,2,"State 2"
415,394.572,0.704731707343768,0.7055,2,"State 2"
416,395.096,0.703523736603038,0.7055,2,"State 2"
417,395.62,0.70587993020461,0.7055,2,"State 2"
418,396.144,0.706347764157342,0.7055,2,"State 2"
419,396.668,0.70513808617471,0.7055,2,"State 2"
420,397.192,0.704844837760386,0.7055,2,"State 2"
421,397.716,0.705899578841989,0.7055,2,"State 2"
422,398.24,0.704731778286897,0.7055,2,"State 2"
423,398.764,0.705030047128403,0.7055,2,"State 2"
424,399.288,0.705827938587165,0.7055,2,"State 2"
425,399.812,0.704760777241258,0.7055,2,"State 2"
426,400.336,0.705995189718049,0.7055,2,"State 2"
427,400.86,0.706078632527624,0.7055,2,"State 2"
428,401.384,0.705490608688569,0.7055,2,"State 2"
429,401.908,0.706161803441944,0.7055,2,"State 2"
430,402.432,0.7050005168447,0.7055,2,"State 2"
431,402.956,0.70533158186567,0.7055,2,"State 2"
432,403.48,0.70534106785728,0.7055,2,"State 2"
433,404.004,0.704551128573228,0.7055,2,"State 2"
434,404.528,0.704123234166546,0.7055,2,"State 2"
435,405.052,0.706137239145402,0.7055,2,"State 2"
436,405.576,0.705895467433171,0.7055,2,"State 2"
437,406.1,0.707348062172345,0.7055,2,"State 2"
438,406.624,0.707544067560893,0.7055,2,"State 2"
439,407.148,0.706010813516911,0.7055,2,"State 2"
440,407.672,0.707705600094008,0.7055,2,"State 2"
441,408.196,0.706228601321479,0.7055,2,"State 2"
442,408.72,0.706380506746411,0.7055,2,"State 2"
443,409.244,0.706020669428753,0.7055,2,"State 2"
444,409.768,0.704733137764539,0.7055,2,"State 2"
445,410.292,0.704707692039643,0.7055,2,"State 2"
446,410.816,0.7057035126612,0.7055,2,"State 2"
447,411.34,0.706319967134026,0.7055,2,"State 2"
448,411.864,0.70640960821077,0.7055,2,"State 2"
449,412.388,0.704527587459995,0.7055,2,"State 2"
450,412.912,0.706364698253992,0.7055,2,"State 2"
451,413.436,0.707761565457834,0.7055,2,"State 2"
452,413.96,0.707816057077064,0.7055,2,"State 2"
453,414.484,0.706803724011576,0.7055,2,"State 2"
454,415.008,0.706598866066014,0.7055,2,"State 2"
455,415.532,0.706701784811394,0.7055,2,"State 2"
456,416.056,0.705528037903543,0.7055,2,"State 2"
457,416.58,0.706850350787535,0.7055,2,"State 2"
458,417.104,0.706240962602561,0.7055,2,"State 2"
459,417.628,0.705256320578745,0.7055,2,"State 2"
460,418.152,0.704847502396918,0.7055,2,"State 2"
461,418.676,0.70493653484681,0.7055,2,"State 2"
462,419.2,0.70518283179304,0.7055,2,"State 2"
463,419.724,0.705576972951066,0.7055,2,"State 2"
464,420.248,0.704981875217363,0.7055,2,"State 2"
465,420.772,0.705412208713226,0.7055,2,"State 2"
466,421.296,0.706984163306784,0.7055,2,"State 2"
467,421.82,0.706036850039998,0.7055,2,"State 2"
468,422.344,0.706692544387436,0.7055,2,"State 2"
469,422.868,0.705149643969534,0.7055,2,"State 2"
470,423.392,0.70555664076308,0.7055,2,"State 2"
471,423.916,0.706941895918699,0.7055,2,"State 2"
472,424.44,0.706402253392328,0.7055,2,"State 2"
473,424.964,0.706123129936249,0.7055,2,"State 2"
474,425.488,0.705994096118104,0.7055,2,"State 2"
475,426.012,0.704881903976041,0.7055,2,"State 2"
476,426.536,0.704630238377466,0.7055,2,"State 2"
477,427.06,0.706170509438621,0.7055,2,"State 2"
478,427.584,0.705061693975638,0.7055,2,"State 2"
479,428.108,0.704412534400442,0.7055,2,"State 2"
480,428.632,0.704404286674472,0.7055,2,"State 2"
481,429.156,0.705528035059668,0.7055,2,"State 2"
482,429.68,0.705991229945797,0.7055,2,"State 2"
483,430.204,0.705987418856085,0.7055,2,"State 2"
484,430.728,0.704664018918359,0.7055,2,"State 2"
485,431.252,0.704815499357927,0.7055,2,"State 2"
486,431.776,0.70517804858909,0.7055,2,"State 2"
487,432.3,0.705903456487823,0.7055,2,"State 2"
488,432.824,0.704205081543189,0.7055,2,"State 2"
489,433.348,0.706119636658231,0.7055,2,"State 2"
490,433.872,0.705176587729441,0.7055,2,"State 2"
491,434.396,0.70563894367034,0.7055,2,"State 2"
492,434.92,0.705509682380155,0.7055,2,"State 2"
493,435.444,0.70532907483542,0.7055,2,"State 2"
494,435.968,0.704158309986805,0.7055,2,"State 2"
495,436.492,0.705027724320053,0.7055,2,"State 2"
496,437.016,0.705310029368196,0.7055,2,"State 2"
497,437.54,0.706150817054451,0.7055,2,"State 2"
498,438.064,0.70677645194547,0.7055,2,"State 2"
499,438.588,0.706260173801862,0.7055,2,"State 2"
500,439.112,0.706687028974725,0.7055,2,"State 2"
501,439.636,0.705818748644443,0.7055,2,"State 2"
502,440.16,0.705103266203568,0.7055,2,"State 2"
503,440.684,0.706545163396585,0.7055,2,"State 2"
504,441.208,0.706938320424711,0.7055,2,"State 2"
505,441.732,0.705928494780814,0.7055,2,"State 2"
506,442.256,0.706025879181499,0.7055,2,"State 2"
507,442.78,0.705218549306391,0.7055,2,"State 2"
508,443.304,0.70527002864057,0.7055,2,"State 2"
509,443.828,0.706315256191892,0.7055,2,"State 2"
510,444.352,0.70639331842344,0.7055,2,"State 2"
511,444.876,0.70593501136906,0.7055,2,"State 2"
512,445.4,0.706577180941104,0.7055,2,"State 2"
513,445.924,0.70621522827886,0.7055,2,"State 2"
514,446.448,0.706107271500338,0.7055,2,"State 2"
515,446.972,0.705136325519447,0.7055,2,"State 2"
516,447.496,0.703862493274365,0.7055,2,"State 2"
517,448.02,0.703873544878367,0.7055,2,"State 2"
518,448.544,0.704630768485316,0.7055,2,"State 2"
519,449.068,0.704704653192881,0.7055,2,"State 2"
520,449.592,0.704339339882494,0.7055,2,"State 2"
521,450.116,0.704609967417465,0.7055,2,"State 2"
522,450.64,0.705366566603837,0.7055,2,"State 2"
523,451.164,0.704878334645909,0.7055,2,"State 2"
524,451.688,0.705424158967547,0.7055,2,"State 2"
525,452.212,0.705837348698224,0.7055,2,"State 2"
526,452.736,0.705471747635911,0.7055,2,"State 2"
527,453.26,0.705949667962057,0.7055,2,"State 2"
528,453.784,0.705456960893391,0.7055,2,"State 2"
529,454.308,0.705530045818092,0.7055,2,"State 2"
530,454.832,0.704863309090146,0.7055,2,"State 2"
531,455.356,0.70402853117199,0.7055,2,"State 2"
532,455.88,0.70493925306534,0.7055,2,"State 2"
533,456.404,0.705469623237278,0.7055,2,"State 2"
534,456.928,0.70548938980472,0.7055,2,"State 2"
535,457.452,0.706336647173126,0.7055,2,"State 2"
536,457.976,0.706492699917125,0.7055,2,"State 2"
537,458.5,0.706996341629636,0.7055,2,"State 2"
538,459.024,0.706957329125183,0.7055,2,"State 2"
539,459.548,0.705554378836308,0.7055,2,"State 2"
540,460.072,0.70693857381837,0.7055,2,"State 2"
541,460.596,0.705874431938856,0.7055,2,"State 2"
542,461.12,0.706000347475634,0.7055,2,"State 2"
543,461.644,0.706437009788055,0.7055,2,"State 2"
544,462.168,0.7051089113921,0.7055,2,"State 2"
545,462.692,0.705888790367264,0.7055,2,"State 2"
546,463.216,0.705943185790432,0.70603788284274,2.5,"State 2"
547,463.74,0.705891047449028,0.706047770037478,2.5,"State 2"
548,464.264,0.706732084270545,0.706057769643954,2.5,"State 2"
549,464.788,0.707660800752496,0.706067880412369,2.5,"State 2"
550,465.312,0.706168774580078,0.70607810099475,2.5,"State 2"
551,465.836,0.706581793616909,0.706088429944326,2.5,"State 2"
552,466.36,0.70519039225618,0.706098865715052,2.5,"State 2"
553,466.884,0.706429464750005,0.706109406661305,2.5,"State 2"
554,467.408,0.705033435338448,0.706120051037745,2.5,"State 2"
555,467.932,0.705399401582265,0.706130796999353,2.5,"State 2"
556,468.456,0.703783811710881,0.706141642601649,2.5,"State 2"
557,468.98,0.704447755558143,0.706152585801091,2.5,"State 2"
558,469.504,0.704778329365965,0.706163624455664,2.5,"State 2"
559,470.028,0.706090084914139,0.70617475632566,2.5,"State 2"
560,470.552,0.705123300347389,0.706185979074653,2.5,"State 2"
561,471.076,0.705473683941554,0.706197290270668,2.5,"State 2"
562,471.6,0.706733141774325,0.706208687387548,2.5,"State 2"
563,472.124,0.705346176587969,0.706220167806525,2.5,"State 2"
564,472.648,0.706716203979934,0.706231728817978,2.5,"State 2"
565,473.172,0.705881791569387,0.706243367623409,2.5,"State 2"
566,473.696,0.706339935429065,0.706255081337596,2.5,"State 2"
567,474.22,0.706447039621785,0.706266866990957,2.5,"State 2"
568,474.744,0.706665527188443,0.706278721532102,2.5,"State 2"
569,475.268,0.706175168462729,0.706290641830572,2.5,"State 2"
570,475.792,0.706089329207333,0.706302624679775,2.5,"State 2"
571,476.316,0.706548858837192,0.706314666800092,2.5,"State 2"
572,476.84,0.706367443752657,0.706326764842165,2.5,"State 2"
573,477.364,0.706923118182716,0.706338915390359,2.5,"State 2"
574,477.888,0.706736568440808,0.706351114966377,2.5,"State 2"
575,478.412,0.7056761868548,0.706363360033044,2.5,"State 2"
576,478.936,0.70655531034252,0.706375646998228,2.5,"State 2"
577,479.46,0.707035249444177,0.706387972218911,2.5,"State 2"
578,479.984,0.706800210146303,0.706400332005375,2.5,"State 2"
579,480.508,0.705562747683642,0.706412722625526,2.5,"State 2"
580,481.032,0.706812040307703,0.706425140309312,2.5,"State 2"
581,481.556,0.706474383044802,0.706437581253253,2.5,"State 2"
582,482.08,0.70597503592659,0.706450041625042,2.5,"State 2"
583,482.604,0.705805651472637,0.706462517568243,2.5,"State 2"
584,483.128,0.707440145096581,0.706475005207032,2.5,"State 2"
585,483.652,0.706686324187258,0.706487500651001,2.5,"State 2"
586,484.176,0.706985700424336,0.7065,2.5,"State 2"
587,484.7,0.706794258690056,0.706512499348999,2.5,"State 2"
588,485.224,0.706481168662329,0.706524994792968,2.5,"State 2"
589,485.748,0.706537245101859,0.706537482431757,2.5,"State 2"
590,486.272,0.704860915538975,0.706549958374958,2.5,"State 2"
591,486.796,0.70441430367841,0.706562418746748,2.5,"State 2"
592,487.32,0.706269787522981,0.706574859690688,2.5,"State 2"
593,487.844,0.707813785739786,0.706587277374474,2.5,"State 2"
594,488.368,0.706412938545166,0.706599667994625,2.5,"State 2"
595,488.892,0.706918879353695,0.706612027781089,2.5,"State 2"
596,489.416,0.706487273197758,0.706624353001772,2.5,"State 2"
597,489.94,0.707406977006571,0.706636639966956,2.5,"State 2"
598,490.464,0.706256501543393,0.706648885033623,2.5,"State 2"
599,490.988,0.707284909973099,0.706661084609641,2.5,"State 2"
600,491.512,0.707593563005088,0.706673235157835,2.5,"State 2"
601,492.036,0.708185478017555,0.706685333199908,2.5,"State 2"
602,492.56,0.70759926842236,0.706697375320225,2.5,"State 2"
603,493.084,0.70631135107175,0.706709358169428,2.5,"State 2"
604,493.608,0.70640803487207,0.706721278467898,2.5,"State 2"
605,494.132,0.707709930162467,0.706733133009043,2.5,"State 2"
606,494.656,0.707029888823176,0.706744918662404,2.5,"State 2"
607,495.18,0.706692565179138,0.706756632376591,2.5,"State 2"
608,495.704,0.706172376411455,0.706768271182022,2.5,"State 2"
609,496.228,0.706835313373664,0.706779832193476,2.5,"State 2"
610,496.752,0.706258602278383,0.706791312612452,2.5,"State 2"
611,497.276,0.706666974258406,0.706802709729332,2.5,"State 2"
612,497.8,0.705783488771521,0.706814020925347,2.5,"State 2"
613,498.324,0.70747389934149,0.70682524367434,2.5,"State 2"
614,498.848,0.707245195639039,0.706836375544336,2.5,"State 2"
615,499.372,0.707931264745187,0.706847414198909,2.5,"State 2"
616,499.896,0.706456847006797,0.706858357398351,2.5,"State 2"
617,500.42,0.70672670731525,0.706869203000647,2.5,"State 2"
618,500.944,0.706628476469416,0.706879948962255,2.5,"State 2"
619,501.468,0.706648143457443,0.706890593338695,2.5,"State 2"
620,501.992,0.707398745674095,0.706901134284948,2.5,"State 2"
621,502.516,0.706793851032743,0.706911570055674,2.5,"State 2"
622,503.04,0.706976635485829,0.70692189900525,2.5,"State 2"
623,503.564,0.707364476029937,0.706932119587631,2.5,"State 2"
624,504.088,0.707113638425093,0.706942230356046,2.5,"State 2"
625,504.612,0.706633056457144,0.706952229962522,2.5,"State 2"
626,505.136,0.70741040573216,0.70696211715726,2.5,"State 2"
627,505.66,0.70779465640457,0.7075,3,"State 3"
628,506.184,0.706599222455415,0.7075,3,"State 3"
629,506.708,0.705902973368111,0.7075,3,"State 3"
630,507.232,0.707583972922529,0.7075,3,"State 3"
631,507.756,0.706460516319064,0.7075,3,"State 3"
632,508.28,0.706710425607461,0.7075,3,"State 3"
633,508.804,0.708657104755403,0.7075,3,"State 3"
634,509.328,0.708438188411121,0.7075,3,"State 3"
635,509.852,0.707562029941649,0.7075,3,"State 3"
636,510.376,0.706923962328046,0.7075,3,"State 3"
637,510.9,0.707742683657833,0.7075,3,"State 3"
638,511.424,0.707578009656793,0.7075,3,"State 3"
639,511.948,0.707618846939696,0.7075,3,"State 3"
640,512.472,0.706846303942245,0.7075,3,"State 3"
641,512.996,0.706965186128787,0.7075,3,"State 3"
642,513.52,0.707380138880003,0.7075,3,"State 3"
643,514.044,0.707069092657329,0.7075,3,"State 3"
644,514.568,0.70734859137355,0.7075,3,"State 3"
645,515.092,0.706792263419681,0.7075,3,"State 3"
646,515.616,0.708140079806901,0.7075,3,"State 3"
647,516.14,0.70732248022376,0.7075,3,"State 3"
648,516.664,0.707717493554216,0.7075,3,"State 3"
649,517.188,0.707517916601956,0.7075,3,"State 3"
650,517.712,0.708496653197193,0.7075,3,"State 3"
651,518.236,0.706961600044869,0.7075,3,"State 3"
652,518.76,0.707427051178724,0.7075,3,"State 3"
653,519.284,0.707870332011241,0.7075,3,"State 3"
654,519.808,0.707255964611939,0.7075,3,"State 3"
655,520.332,0.707385437968866,0.7075,3,"State 3"
656,520.856,0.707682553968067,0.7075,3,"State 3"
657,521.38,0.708348759925779,0.7075,3,"State 3"
658,521.904,0.708566869800163,0.7075,3,"State 3"
659,522.428,0.70847899695592,0.7075,3,"State 3"
660,522.952,0.707810277808256,0.7075,3,"State 3"
661,523.476,0.707189306894294,0.7075,3,"State 3"
662,524,0.707120409028914,0.7075,3,"State 3"
663,524.524,0.707713560093099,0.7075,3,"State 3"
664,525.048,0.707361034004944,0.7075,3,"State 3"
665,525.572,0.70534729720038,0.7075,3,"State 3"
666,526.096,0.707483759480341,0.7075,3,"State 3"
667,526.62,0.708279873371007,0.7075,3,"State 3"
668,527.144,0.70732463413522,0.7075,3,"State 3"
669,527.668,0.70795190935764,0.7075,3,"State 3"
670,528.192,0.707605954908656,0.7075,3,"State 3"
671,528.716,0.706898839944051,0.7075,3,"State 3"
672,529.24,0.70757776551724,0.7075,3,"State 3"
673,529.764,0.708290460154822,0.7075,3,"State 3"
674,530.288,0.707214378162734,0.7075,3,"State 3"
675,530.812,0.707344958487941,0.7075,3,"State 3"
676,531.336,0.705890591772397,0.7075,3,"State 3"
677,531.86,0.706669833869541,0.7075,3,"State 3"
678,532.384,0.705867433291149,0.7075,3,"State 3"
679,532.908,0.705080443151127,0.7075,3,"State 3"
680,533.432,0.706493332376614,0.7075,3,"State 3"
681,533.956,0.708365878276176,0.7075,3,"State 3"
682,534.48,0.708235847724574,0.7075,3,"State 3"
683,535.004,0.707688213335323,0.7075,3,"State 3"
684,535.528,0.707384162686863,0.7075,3,"State 3"
685,536.052,0.707984119994999,0.7075,3,"State 3"
686,536.576,0.708273252700249,0.7075,3,"State 3"
687,537.1,0.708168700392883,0.7075,3,"State 3"
688,537.624,0.707393990989908,0.7075,3,"State 3"
689,538.148,0.707637342975407,0.7075,3,"State 3"
690,538.672,0.70649393233559,0.7075,3,"State 3"
691,539.196,0.706775761698882,0.7075,3,"State 3"
692,539.72,0.707517730258529,0.7075,3,"State 3"
693,540.244,0.707629307351601,0.7075,3,"State 3"
694,540.768,0.70730857652942,0.7075,3,"State 3"
695,541.292,0.706284554408982,0.7075,3,"State 3"
696,541.816,0.708141118308834,0.7075,3,"State 3"
697,542.34,0.707751310636983,0.7075,3,"State 3"
698,542.864,0.708363372385088,0.7075,3,"State 3"
699,543.388,0.708930362973399,0.7075,3,"State 3"
700,543.912,0.708377795359699,0.7075,3,"State 3"
701,544.436,0.708417276495925,0.7075,3,"State 3"
702,544.96,0.707335807189985,0.7075,3,"State 3"
703,545.484,0.707855274598767,0.7075,3,"State 3"
704,546.008,0.708580061613456,0.7075,3,"State 3"
705,546.532,0.70873890773461,0.7075,3,"State 3"
706,547.056,0.70815738389785,0.7075,3,"State 3"
707,547.58,0.708034964656659,0.7075,3,"State 3"
708,548.104,0.7076484946282,0.7075,3,"State 3"
709,548.628,0.708006284642217,0.7075,3,"State 3"
710,549.152,0.707370314976723,0.7075,3,"State 3"
711,549.676,0.708048690149507,0.7075,3,"State 3"
712,550.2,0.707016732756058,0.7075,3,"State 3"
713,550.724,0.707442322179227,0.7075,3,"State 3"
714,551.248,0.707902817188846,0.7075,3,"State 3"
715,551.772,0.7091750313627,0.7075,3,"State 3"
716,552.296,0.707951614386717,0.7075,3,"State 3"
717,552.82,0.708380426616373,0.7075,3,"State 3"
718,553.344,0.707302097004353,0.7075,3,"State 3"
719,553.868,0.70700414816315,0.7075,3,"State 3"
720,554.392,0.707881074710817,0.7075,3,"State 3"
721,554.916,0.707677894021132,0.7075,3,"State 3"
722,555.44,0.707003667576281,0.7075,3,"State 3"
723,555.964,0.708458159250704,0.7075,3,"State 3"
724,556.488,0.706751252829513,0.7075,3,"State 3"
725,557.012,0.707436461721288,0.7075,3,"State 3"
726,557.536,0.707533196207726,0.7075,3,"State 3"
727,558.06,0.707577214275837,0.7075,3,"State 3"
728,558.584,0.707818458893485,0.7075,3,"State 3"
729,559.108,0.708058858906909,0.7075,3,"State 3"
730,559.632,0.708412997465598,0.7075,3,"State 3"
731,560.156,0.708646857832231,0.7075,3,"State 3"
732,560.68,0.70895324674319,0.7075,3,"State 3"
733,561.204,0.707072513701184,0.7075,3,"State 3"
734,561.728,0.70727880641369,0.7075,3,"State 3"
735,562.252,0.707084276744823,0.7075,3,"State 3"
736,562.776,0.707047836436645,0.7075,3,"State 3"
737,563.3,0.706811512922823,0.7075,3,"State 3"
738,563.824,0.70746241278361,0.7075,3,"State 3"
739,564.348,0.708693896478833,0.7075,3,"State 3"
740,564.872,0.708351756918324,0.7075,3,"State 3"
741,565.396,0.708610838420637,0.7075,3,"State 3"
742,565.92,0.708476583425413,0.7075,3,"State 3"
743,566.444,0.709099383688899,0.7075,3,"State 3"
744,566.968,0.708728870521474,0.7075,3,"State 3"
745,567.492,0.708338191650652,0.7075,3,"State 3"
746,568.016,0.706483151518153,0.7075,3,"State 3"
747,568.54,0.70867258021566,0.7075,3,"State 3"
748,569.064,0.707480435466578,0.7075,3,"State 3"
749,569.588,0.707674635405851,0.7075,3,"State 3"
750,570.112,0.707526031608739,0.7075,3,"State 3"
751,570.636,0.707372736927348,0.7075,3,"State 3"
752,571.16,0.706828575650351,0.7075,3,"State 3"
753,571.684,0.70722895745621,0.7075,3,"State 3"
754,572.208,0.707884769188036,0.7075,3,"State 3"
755,572.732,0.707695817446592,0.7075,3,"State 3"
756,573.256,0.707692987112536,0.7075,3,"State 3"
757,573.78,0.708532713889745,0.7075,3,"State 3"
758,574.304,0.707354171353695,0.7075,3,"State 3"
759,574.828,0.706351639623773,0.7075,3,"State 3"
760,575.352,0.707900184192184,0.7075,3,"State 3"
761,575.876,0.708460322284877,0.7075,3,"State 3"
762,576.4,0.707653778392276,0.7075,3,"State 3"
763,576.924,0.708019147466314,0.7075,3,"State 3"
764,577.448,0.706112758917567,0.7075,3,"State 3"
765,577.972,0.707006382401747,0.7075,3,"State 3"
766,578.496,0.708114797757821,0.7075,3,"State 3"
767,579.02,0.707104374460004,0.7075,3,"State 3"
768,579.544,0.705774271852527,0.7075,3,"State 3"
769,580.068,0.706860466784956,0.7075,3,"State 3"
770,580.592,0.707501511678546,0.7075,3,"State 3"
771,581.116,0.706768204420224,0.7075,3,"State 3"
772,581.64,0.707268977821345,0.7075,3,"State 3"
773,582.164,0.707933793845722,0.7075,3,"State 3"
774,582.688,0.707241296526354,0.7075,3,"State 3"
775,583.212,0.707699336382867,0.7075,3,"State 3"
776,583.736,0.708328302265109,0.7075,3,"State 3"
777,584.26,0.707212980266667,0.7075,3,"State 3"
778,584.784,0.708569322540899,0.7075,3,"State 3"
779,585.308,0.708646514078932,0.7075,3,"State 3"
780,585.832,0.708690405297832,0.707957200416329,3.5,"State 3"
781,586.356,0.708812846625253,0.707965604531857,3.5,"State 3"
782,586.88,0.708613805942709,0.707974104197361,3.5,"State 3"
783,587.404,0.708804660324743,0.707982698350513,3.5,"State 3"
784,587.928,0.707808029232424,0.707991385845538,3.5,"State 3"
785,588.452,0.707634615866361,0.708000165452677,3.5,"State 3"
786,588.976,0.708106510801227,0.708009035857794,3.5,"State 3"
787,589.5,0.708476605578247,0.708017995662109,3.5,"State 3"
788,590.024,0.708069416638947,0.708027043382083,3.5,"State 3"
789,590.548,0.707093818154908,0.70803617744945,3.5,"State 3"
790,591.072,0.708724715088322,0.708045396211402,3.5,"State 3"
791,591.596,0.708780445562988,0.708054697930927,3.5,"State 3"
792,592.12,0.708655842732306,0.708064080787314,3.5,"State 3"
793,592.644,0.708251310168207,0.708073542876811,3.5,"State 3"
794,593.168,0.70854188245024,0.708083082213455,3.5,"State 3"
795,593.692,0.708650073229632,0.708092696730068,3.5,"State 3"
796,594.216,0.708326077277981,0.708102384279416,3.5,"State 3"
797,594.74,0.70779215852892,0.708112142635546,3.5,"State 3"
798,595.264,0.707635847722786,0.708121969495282,3.5,"State 3"
799,595.788,0.708635129680283,0.708131862479898,3.5,"State 3"
800,596.312,0.708353972977154,0.708141819136957,3.5,"State 3"
801,596.836,0.708139793628064,0.708151836942314,3.5,"State 3"
802,597.36,0.708485452175124,0.708161913302286,3.5,"State 3"
803,597.884,0.708492753821861,0.708172045555986,3.5,"State 3"
804,598.408,0.709157771095287,0.708182230977809,3.5,"State 3"
805,598.932,0.708834338556256,0.708192466780078,3.5,"State 3"
806,599.456,0.708074509331328,0.70820275011584,3.5,"State 3"
807,599.98,0.707701126439307,0.708213078081805,3.5,"State 3"
808,600.504,0.709363897028247,0.70822344772142,3.5,"State 3"
809,601.028,0.708538312479084,0.708233856028087,3.5,"State 3"
810,601.552,0.708994111152328,0.708244299948494,3.5,"State 3"
811,602.076,0.707280196256659,0.708254776386074,3.5,"State 3"
812,602.6,0.706820962614042,0.708265282204569,3.5,"State 3"
813,603.124,0.708297715999023,0.708275814231697,3.5,"State 3"
814,603.648,0.708127722333462,0.708286369262916,3.5,"State 3"
815,604.172,0.708312294791794,0.708296944065265,3.5,"State 3"
816,604.696,0.709491649826405,0.708307535381286,3.5,"State 3"
817,605.22,0.708637209440617,0.708318139933007,3.5,"State 3"
818,605.744,0.710002128485506,0.708328754425977,3.5,"State 3"
819,606.268,0.708076303470552,0.708339375553351,3.5,"State 3"
820,606.792,0.708346914414881,0.70835,3.5,"State 3"
821,607.316,0.70829032600638,0.708360624446649,3.5,"State 3"
822,607.84,0.708754944570396,0.708371245574023,3.5,"State 3"
823,608.364,0.707709180965375,0.708381860066994,3.5,"State 3"
824,608.888,0.708383842020107,0.708392464618714,3.5,"State 3"
825,609.412,0.708114313013522,0.708403055934735,3.5,"State 3"
826,609.936,0.708147985297191,0.708413630737084,3.5,"State 3"
827,610.46,0.708529647919705,0.708424185768303,3.5,"State 3"
828,610.984,0.707480913507597,0.708434717795431,3.5,"State 3"
829,611.508,0.707585367009625,0.708445223613926,3.5,"State 3"
830,612.032,0.707660617386025,0.708455700051506,3.5,"State 3"
831,612.556,0.708670664782479,0.708466143971913,3.5,"State 3"
832,613.08,0.708561652828624,0.70847655227858,3.5,"State 3"
833,613.604,0.709237355699152,0.708486921918195,3.5,"State 3"
834,614.128,0.70919685372515,0.70849724988416,3.5,"State 3"
835,614.652,0.707467150311426,0.708507533219922,3.5,"State 3"
836,615.176,0.70767672106966,0.708517769022191,3.5,"State 3"
837,615.7,0.707987338926387,0.708527954444014,3.5,"State 3"
838,616.224,0.708082813367838,0.708538086697714,3.5,"State 3"
839,616.748,0.70812611392067,0.708548163057686,3.5,"State 3"
840,617.272,0.708719088472905,0.708558180863043,3.5,"State 3"
841,617.796,0.70841703993461,0.708568137520102,3.5,"State 3"
842,618.32,0.710456295563837,0.708578030504718,3.5,"State 3"
843,618.844,0.708594759643984,0.708587857364454,3.5,"State 3"
844,619.368,0.709356332751382,0.708597615720584,3.5,"State 3"
845,619.892,0.708854511450148,0.708607303269932,3.5,"State 3"
846,620.416,0.708525088657819,0.708616917786545,3.5,"State 3"
847,620.94,0.707897429393129,0.708626457123189,3.5,"State 3"
848,621.464,0.709213880538094,0.708635919212686,3.5,"State 3"
849,621.988,0.709556794056776,0.708645302069073,3.5,"State 3"
850,622.512,0.709267214372228,0.708654603788598,3.5,"State 3"
851,623.036,0.71041342695615,0.70866382255055,3.5,"State 3"
852,623.56,0.709722507647557,0.708672956617917,3.5,"State 3"
853,624.084,0.709691703715867,0.708682004337891,3.5,"State 3"
854,624.608,0.708052152320204,0.708690964142206,3.5,"State 3"
855,625.132,0.709686237980795,0.708699834547323,3.5,"State 3"
856,625.656,0.70825022893742,0.708708614154463,3.5,"State 3"
857,626.18,0.708874144184424,0.708717301649487,3.5,"State 3"
858,626.704,0.708606269187183,0.708725895802639,3.5,"State 3"
859,627.228,0.708300223600652,0.708734395468143,3.5,"State 3"
860,627.752,0.708995358565658,0.708742799583671,3.5,"State 3"
861,628.276,0.709557908434837,0.7092,4,"Marine"
862,628.8,0.709613397663408,0.7092,4,"Marine"
863,629.324,0.708290808801554,0.7092,4,"Marine"
864,629.848,0.708680385825323,0.7092,4,"Marine"
865,630.372,0.709036294333298,0.7092,4,"Marine"
866,630.896,0.711016672051532,0.7092,4,"Marine"
867,631.42,0.709192593627503,0.7092,4,"Marine"
868,631.944,0.710255282168934,0.7092,4,"Marine"
869,632.468,0.709302208144822,0.7092,4,"Marine"
870,632.992,0.710615434448102,0.7092,4,"Marine"
871,633.516,0.70821136066039,0.7092,4,"Marine"
872,634.04,0.708823348820855,0.7092,4,"Marine"
873,634.564,0.708623737013617,0.7092,4,"Marine"
874,635.088,0.709371600875119,0.7092,4,"Marine"
875,635.612,0.709715820507051,0.7092,4,"Marine"
876,636.136,0.710006608269361,0.7092,4,"Marine"
877,636.66,0.709118847157949,0.7092,4,"Marine"
878,637.184,0.709288425989608,0.7092,4,"Marine"
879,637.708,0.709140033340455,0.7092,4,"Marine"
880,638.232,0.708482323602971,0.7092,4,"Marine"
881,638.756,0.709399348893191,0.7092,4,"Marine"
882,639.28,0.709451525192344,0.7092,4,"Marine"
883,639.804,0.709617703334273,0.7092,4,"Marine"
884,640.328,0.710367030943702,0.7092,4,"Marine"
885,640.852,0.709825018777458,0.7092,4,"Marine"
886,641.376,0.709977422281755,0.7092,4,"Marine"
887,641.9,0.709174302742455,0.7092,4,"Marine"
888,642.424,0.709361398919372,0.7092,4,"Marine"
889,642.948,0.709698713431109,0.7092,4,"Marine"
890,643.472,0.709520648866899,0.7092,4,"Marine"
891,643.996,0.709514778843654,0.7092,4,"Marine"
892,644.52,0.710222599762361,0.7092,4,"Marine"
893,645.044,0.709251308146507,0.7092,4,"Marine"
894,645.568,0.710260805750234,0.7092,4,"Marine"
895,646.092,0.709450935243764,0.7092,4,"Marine"
896,646.616,0.709050788294406,0.7092,4,"Marine"
897,647.14,0.708429568907925,0.7092,4,"Marine"
898,647.664,0.708099344585139,0.7092,4,"Marine"
899,648.188,0.70903146961536,0.7092,4,"Marine"
900,648.712,0.70892665241104,0.7092,4,"Marine"
901,649.236,0.708016099377089,0.7092,4,"Marine"
902,649.76,0.708012705319417,0.7092,4,"Marine"
903,650.284,0.708913524939755,0.7092,4,"Marine"
904,650.808,0.708896719430122,0.7092,4,"Marine"
905,651.332,0.709391958557649,0.7092,4,"Marine"
906,651.856,0.707558003963292,0.7092,4,"Marine"
907,652.38,0.708430493079737,0.7092,4,"Marine"
908,652.904,0.707954396724374,0.7092,4,"Marine"
909,653.428,0.707871433351612,0.7092,4,"Marine"
910,653.952,0.707755770643339,0.7092,4,"Marine"
911,654.476,0.709510676487244,0.7092,4,"Marine"
912,655,0.707863534702866,0.7092,4,"Marine"
913,655.524,0.708579358988992,0.7092,4,"Marine"
914,656.048,0.706679858809865,0.7092,4,"Marine"
915,656.572,0.707691650823426,0.7092,4,"Marine"
916,657.096,0.708420363682992,0.7092,4,"Marine"
917,657.62,0.708554255157036,0.7092,4,"Marine"
918,658.144,0.706881039734466,0.7092,4,"Marine"
919,658.668,0.708981683757365,0.7092,4,"Marine"
920,659.192,0.709787188456088,0.7092,4,"Marine"
921,659.716,0.708324422193937,0.7092,4,"Marine"
922,660.24,0.708391577814278,0.7092,4,"Marine"
923,660.764,0.708547636804346,0.7092,4,"Marine"
924,661.288,0.708598495575913,0.7092,4,"Marine"
925,661.812,0.708501743472763,0.7092,4,"Marine"
926,662.336,0.709111422875279,0.7092,4,"Marine"
927,662.86,0.708999612267933,0.7092,4,"Marine"
928,663.384,0.709304714268729,0.7092,4,"Marine"
929,663.908,0.710348528104448,0.7092,4,"Marine"
930,664.432,0.709542630002528,0.7092,4,"Marine"
931,664.956,0.70978029211512,0.7092,4,"Marine"
932,665.48,0.708798762350553,0.7092,4,"Marine"
933,666.004,0.70961824936252,0.7092,4,"Marine"
934,666.528,0.70880832540697,0.7092,4,"Marine"
935,667.052,0.708872943679498,0.7092,4,"Marine"
936,667.576,0.7084770686577,0.7092,4,"Marine"
937,668.1,0.708649768660393,0.7092,4,"Marine"
938,668.624,0.708873496481642,0.7092,4,"Marine"
939,669.148,0.709054657061088,0.7092,4,"Marine"
940,669.672,0.709474295735771,0.7092,4,"Marine"
941,670.196,0.708972846793117,0.7092,4,"Marine"
942,670.72,0.708633085182216,0.7092,4,"Marine"
943,671.244,0.708764611117699,0.7092,4,"Marine"
944,671.768,0.708669439029745,0.7092,4,"Marine"
945,672.292,0.70870293191804,0.7092,4,"Marine"
946,672.816,0.709229427811503,0.7092,4,"Marine"
947,673.34,0.70857571230369,0.7092,4,"Marine"
948,673.864,0.710059037661905,0.7092,4,"Marine"
949,674.388,0.708939056295844,0.7092,4,"Marine"
950,674.912,0.708117535013734,0.7092,4,"Marine"
951,675.436,0.709212244821126,0.7092,4,"Marine"
952,675.96,0.709178478117651,0.7092,4,"Marine"
953,676.484,0.71012696444288,0.7092,4,"Marine"
954,677.008,0.710545035712606,0.7092,4,"Marine"
955,677.532,0.709984366145746,0.7092,4,"Marine"
956,678.056,0.708581430560136,0.7092,4,"Marine"
957,678.58,0.70957561642852,0.7092,4,"Marine"
958,679.104,0.709855948076671,0.7092,4,"Marine"
959,679.628,0.708670138823615,0.7092,4,"Marine"
960,680.152,0.709592495548822,0.7092,4,"Marine"
961,680.676,0.70922331858604,0.7092,4,"Marine"
962,681.2,0.710832773828485,0.7092,4,"Marine"
963,681.724,0.708362343221203,0.7092,4,"Marine"
964,682.248,0.708498371956128,0.7092,4,"Marine"
965,682.772,0.708759902990226,0.7092,4,"Marine"
966,683.296,0.708363205365183,0.7092,4,"Marine"
967,683.82,0.707858302134554,0.7092,4,"Marine"
968,684.344,0.70708866959433,0.7092,4,"Marine"
969,684.868,0.708745678133716,0.7092,4,"Marine"
970,685.392,0.70778689934926,0.7092,4,"Marine"
971,685.916,0.70734020395016,0.7092,4,"Marine"
972,686.44,0.706441598881816,0.7092,4,"Marine"
973,686.964,0.707339733217605,0.7092,4,"Marine"
974,687.488,0.707545832339556,0.7092,4,"Marine"
975,688.012,0.70864098745421,0.7092,4,"Marine"
976,688.536,0.708080928324559,0.7092,4,"Marine"
977,689.06,0.70787191389214,0.7092,4,"Marine"
978,689.584,0.708547181744707,0.7092,4,"Marine"
979,690.108,0.708802664700311,0.7092,4,"Marine"
980,690.632,0.709925029934545,0.7092,4,"Marine"
981,691.156,0.711048531873291,0.7092,4,"Marine"
982,691.68,0.709982280278042,0.7092,4,"Marine"
983,692.204,0.71021505267638,0.7092,4,"Marine"
984,692.728,0.70975745095915,0.7092,4,"Marine"
985,693.252,0.709399011764106,0.7092,4,"Marine"
986,693.776,0.707812898098073,0.7092,4,"Marine"
987,694.3,0.708297823627906,0.7092,4,"Marine"
988,694.824,0.709346908990944,0.7092,4,"Marine"
989,695.348,0.708336787474084,0.7092,4,"Marine"
990,695.872,0.710065670137939,0.7092,4,"Marine"
991,696.396,0.709032633092866,0.7092,4,"Marine"
992,696.92,0.70817215815615,0.7092,4,"Marine"
993,697.444,0.709192274943408,0.7092,4,"Marine"
994,697.968,0.708749143796516,0.7092,4,"Marine"
995,698.492,0.709172088391181,0.7092,4,"Marine"
996,699.016,0.708690470192095,0.7092,4,"Marine"
997,699.54,0.709597251083441,0.7092,4,"Marine"
998,700.064,0.708387317506429,0.7092,4,"Marine"
999,700.588,0.708819174367572,0.7092,4,"Marine"
1000,701.112,0.708017349019218,0.7092,4,"Marine"
1001,701.636,0.707624627397602,0.7092,4,"Marine"
1002,702.16,0.707180969167687,0.7092,4,"Marine"
1003,702.684,0.707338813533601,0.7092,4,"Marine"
1004,703.208,0.707590433440871,0.7092,4,"Marine"
1005,703.732,0.706764494133862,0.7092,4,"Marine"
1006,704.256,0.709049502705626,0.7092,4,"Marine"
1007,704.78,0.709400945377579,0.7092,4,"Marine"
1008,705.304,0.710683561591746,0.7092,4,"Marine"
1009,705.828,0.710241454823025,0.7092,4,"Marine"
1010,706.352,0.709202564194501,0.7092,4,"Marine"
1011,706.876,0.710603006181172,0.7092,4,"Marine"
1012,707.4,0.711161714879556,0.7092,4,"Marine"
1013,707.924,0.708973168991143,0.7092,4,"Marine"
1014,708.448,0.708862161049638,0.7092,4,"Marine"
1015,708.972,0.7082704503313,0.7092,4,"Marine"
1016,709.496,0.709220573256625,0.7092,4,"Marine"
1017,710.02,0.708957336113789,0.7092,4,"Marine"
1018,710.544,0.708486267159607,0.7092,4,"Marine"
1019,711.068,0.709291958311691,0.7092,4,"Marine"
1020,711.592,0.709790859342995,0.7092,4,"Marine"
1021,712.116,0.708743926764726,0.7092,4,"Marine"
1022,712.64,0.709052577155335,0.7092,4,"Marine"
1023,713.164,0.709957903775094,0.7092,4,"Marine"
1024,713.688,0.710307565630639,0.7092,4,"Marine"
1025,714.212,0.7087366999558,0.7092,4,"Marine"
1026,714.736,0.709105337621111,0.7092,4,"Marine"
1027,715.26,0.709963466562265,0.7092,4,"Marine"
1028,715.784,0.71021599051303,0.7092,4,"Marine"
1029,716.308,0.71076680591642,0.7092,4,"Marine"
1030,716.832,0.710278549977163,0.7092,4,"Marine"
1031,717.356,0.708940913309476,0.7092,4,"Marine"
1032,717.88,0.710028879029539,0.7092,4,"Marine"
1033,718.404,0.709838587867927,0.7092,4,"Marine"
1034,718.928,0.709422718672514,0.7092,4,"Marine"
1035,719.452,0.710316296463956,0.7092,4,"Marine"
1036,719.976,0.70880292092258,0.7092,4,"Marine"
1037,720.5,0.708972327225213,0.7092,4,"Marine"
1038,721.024,0.709473054140529,0.7092,4,"Marine"
1039,721.548,0.709321926555576,0.7092,4,"Marine"
1040,722.072,0.710371889249448,0.7092,4,"Marine"
1041,722.596,0.708581130974323,0.7092,4,"Marine"
1042,723.12,0.710325167355708,0.7092,4,"Marine"
1043,723.644,0.710063650278292,0.7092,4,"Marine"
1044,724.168,0.709518063558669,0.7092,4,"Marine"
1045,724.692,0.710097355858842,0.7092,4,"Marine"
1046,725.216,0.708548259682052,0.7092,4,"Marine"
1047,725.74,0.708375321462442,0.7092,4,"Marine"
1048,726.264,0.70953687135609,0.7092,4,"Marine"
1049,726.788,0.710390337174757,0.7092,4,"Marine"
1050,727.312,0.70990324859322,0.7092,4,"Marine"
1051,727.836,0.709727512543158,0.7092,4,"Marine"
1052,728.36,0.708209320221839,0.7092,4,"Marine"
1053,728.884,0.708368110571669,0.7092,4,"Marine"
1054,729.408,0.708088533016993,0.7092,4,"Marine"
1055,729.932,0.710057292540702,0.7092,4,"Marine"
1056,730.456,0.709390487682813,0.7092,4,"Marine"
1057,730.98,0.70886345763123,0.7092,4,"Marine"
1058,731.504,0.708791545807969,0.7092,4,"Marine"
1059,732.028,0.708744926118627,0.7092,4,"Marine"
1060,732.552,0.708520939385533,0.7092,4,"Marine"
1061,733.076,0.709954949767759,0.7092,4,"Marine"
1062,733.6,0.709373449099383,0.7092,4,"Marine"
1063,734.124,0.710390860970185,0.7092,4,"Marine"
1064,734.648,0.710718960145397,0.7092,4,"Marine"
1065,735.172,0.70960702623398,0.7092,4,"Marine"
1066,735.696,0.709433612581988,0.7092,4,"Marine"
1067,736.22,0.709265345193373,0.7092,4,"Marine"
1068,736.744,0.709331285468736,0.7092,4,"Marine"
1069,737.268,0.708680579914833,0.7092,4,"Marine"
1070,737.792,0.709775878096571,0.7092,4,"Marine"
1071,738.316,0.709350812745198,0.7092,4,"Marine"
1072,738.84,0.708771618988553,0.7092,4,"Marine"
1073,739.364,0.708019297252152,0.7092,4,"Marine"
1074,739.888,0.707395801055933,0.7092,4,"Marine"
1075,740.412,0.708524963261434,0.7092,4,"Marine"
1076,740.936,0.708234360167393,0.7092,4,"Marine"
1077,741.46,0.709213574745351,0.7092,4,"Marine"
1078,741.984,0.708089406846955,0.7092,4,"Marine"
1079,742.508,0.707860155189075,0.7092,4,"Marine"
1080,743.032,0.70787813382669,0.7092,4,"Marine"
1081,743.556,0.708776487088804,0.7092,4,"Marine"
1082,744.08,0.70741160964782,0.7092,4,"Marine"
1083,744.604,0.708338823671626,0.7092,4,"Marine"
1084,745.128,0.708120958258396,0.7092,4,"Marine"
1085,745.652,0.708851736754859,0.7092,4,"Marine"
1086,746.176,0.708077448134836,0.7092,4,"Marine"
1087,746.7,0.70775973471073,0.7092,4,"Marine"
1088,747.224,0.709121230892423,0.7092,4,"Marine"
1089,747.748,0.708582252741083,0.7092,4,"Marine"
1090,748.272,0.707617105779555,0.7092,4,"Marine"
1091,748.796,0.709201747626686,0.7092,4,"Marine"
1092,749.32,0.706862012840809,0.7092,4,"Marine"
1093,749.844,0.70890009430848,0.7092,4,"Marine"
1094,750.368,0.709583711028934,0.7092,4,"Marine"
1095,750.892,0.708985313996952,0.7092,4,"Marine"
1096,751.416,0.709071257228195,0.7092,4,"Marine"
1097,751.94,0.70828085997182,0.7092,4,"Marine"
1098,752.464,0.709188655752372,0.7092,4,"Marine"
1099,752.988,0.70898136114342,0.7092,4,"Marine"
1100,753.512,0.708735379950078,0.7092,4,"Marine"
1101,754.036,0.709934535309144,0.7092,4,"Marine"
1102,754.56,0.709347130757176,0.7092,4,"Marine"
1103,755.084,0.709126496851019,0.7092,4,"Marine"
1104,755.608,0.708569357493057,0.7092,4,"Marine"
1105,756.132,0.708972370706157,0.7092,4,"Marine"
1106,756.656,0.708744708096016,0.7092,4,"Marine"
1107,757.18,0.708679422806523,0.7092,4,"Marine"
1108,757.704,0.709118892171092,0.7092,4,"Marine"
1109,758.228,0.708003596908417,0.7092,4,"Marine"
1110,758.752,0.70876431765643,0.7092,4,"Marine"
1111,759.276,0.707255163392197,0.7092,4,"Marine"
1112,759.8,0.708281665606338,0.7092,4,"Marine"
1113,760.324,0.709662386107819,0.7092,4,"Marine"
1114,760.848,0.708132479566957,0.7092,4,"Marine"
1115,761.372,0.709646324378763,0.7092,4,"Marine"
1116,761.896,0.709797810686175,0.7092,4,"Marine"
1117,762.42,0.709617391336629,0.7092,4,"Marine"
1118,762.944,0.709617941199631,0.7092,4,"Marine"
1119,763.468,0.709569698543393,0.7092,4,"Marine"
1120,763.992,0.707906782213873,0.7092,4,"Marine"
1121,764.516,0.709490094057601,0.7092,4,"Marine"
1122,765.04,0.708669519682027,0.7092,4,"Marine"
1123,765.564,0.710255616923383,0.7092,4,"Marine"
1124,766.088,0.709426917291904,0.7092,4,"Marine"
1125,766.612,0.709441758818618,0.7092,4,"Marine"
1126,767.136,0.711008873271295,0.7092,4,"Marine"
1127,767.66,0.709002627441781,0.7092,4,"Marine"
1128,768.184,0.708893458019257,0.7092,4,"Marine"
1129,768.708,0.709394572913053,0.7092,4,"Marine"
1130,769.232,0.70835436974637,0.7092,4,"Marine"
1131,769.756,0.709417879093573,0.7092,4,"Marine"
1132,770.28,0.709338503806871,0.7092,4,"Marine"
1133,770.804,0.709176780401221,0.7092,4,"Marine"
1134,771.328,0.7090984159986,0.7092,4,"Marine"
1135,771.852,0.710061609135897,0.7092,4,"Marine"
1136,772.376,0.710553066072609,0.7092,4,"Marine"
1137,772.9,0.709778637671073,0.7092,4,"Marine"
1138,773.424,0.709611924069159,0.7092,4,"Marine"
1139,773.948,0.709850351119531,0.7092,4,"Marine"
1140,774.472,0.709464235470821,0.7092,4,"Marine"
1141,774.996,0.709649462081814,0.7092,4,"Marine"
1142,775.52,0.708860858450908,0.7092,4,"Marine"
1143,776.044,0.708555808489838,0.7092,4,"Marine"
1144,776.568,0.708840157609927,0.7092,4,"Marine"
1145,777.092,0.709372251711725,0.7092,4,"Marine"
1146,777.616,0.709282190523894,0.7092,4,"Marine"
1147,778.14,0.709503618791151,0.7092,4,"Marine"
1148,778.664,0.709823497975783,0.7092,4,"Marine"
1149,779.188,0.708286855192085,0.7092,4,"Marine"
1150,779.712,0.707898081169479,0.7092,4,"Marine"
1151,780.236,0.708406571907269,0.7092,4,"Marine"
1152,780.76,0.708599671108729,0.7092,4,"Marine"
1153,781.284,0.709578473362481,0.7092,4,"Marine"
1154,781.808,0.708815049899184,0.7092,4,"Marine"
1155,782.332,0.710353698276787,0.7092,4,"Marine"
1156,782.856,0.709391321099208,0.7092,4,"Marine"
1157,783.38,0.710016560216474,0.7092,4,"Marine"
1158,783.904,0.710302481626095,0.7092,4,"Marine"
1159,784.428,0.709876693416635,0.7092,4,"Marine"
1160,784.952,0.709835996555257,0.7092,4,"Marine"
1161,785.476,0.710160571018888,0.7092,4,"Marine"
1162,786,0.709020969590524,0.7092,4,"Marine"
1163,786.524,0.708879033460523,0.7092,4,"Marine"
1164,787.048,0.70891724498074,0.7092,4,"Marine"
1165,787.572,0.708858179809421,0.7092,4,"Marine"
1166,788.096,0.708162451347459,0.7092,4,"Marine"
1167,788.62,0.709265688464442,0.7092,4,"Marine"
1168,789.144,0.709596452197842,0.7092,4,"Marine"
1169,789.668,0.708304398571839,0.7092,4,"Marine"
1170,790.192,0.70949736231372,0.7092,4,"Marine"
1171,790.716,0.708354037729159,0.7092,4,"Marine"
1172,791.24,0.709566978104752,0.7092,4,"Marine"
