"Index","Time","Iso","TrueState","Dataset"
1,0,0.706872567690536,1,"Rare Transitions"
2,0.524,0.707616654198011,1,"Rare Transitions"
3,1.048,0.707039347683266,1,"Rare Transitions"
4,1.572,0.707072009020252,1,"Rare Transitions"
5,2.096,0.70763956668349,1,"Rare Transitions"
6,2.62,0.707248598889634,1,"Rare Transitions"
7,3.144,0.706444094555732,1,"Rare Transitions"
8,3.668,0.706644522828097,1,"Rare Transitions"
9,4.192,0.706759089006996,1,"Rare Transitions"
10,4.716,0.707545355042489,1,"Rare Transitions"
11,5.24,0.707196709539276,1,"Rare Transitions"
12,5.764,0.707217988118762,1,"Rare Transitions"
13,6.288,0.707061692434596,1,"Rare Transitions"
14,6.812,0.706704823632212,1,"Rare Transitions"
15,7.336,0.707648233925551,1,"Rare Transitions"
16,7.86,0.707266987389792,1,"Rare Transitions"
17,8.384,0.706334459158312,1,"Rare Transitions"
18,8.908,0.707361843352532,1,"Rare Transitions"
19,9.432,0.706745453410689,1,"Rare Transitions"
20,9.956,0.706499920031335,1,"Rare Transitions"
21,10.48,0.706879214056814,1,"Rare Transitions"
22,11.004,0.706513422646839,1,"Rare Transitions"
23,11.528,0.706626247739233,1,"Rare Transitions"
24,12.052,0.706672361696511,1,"Rare Transitions"
25,12.576,0.706364163633343,1,"Rare Transitions"
26,13.1,0.707418494783901,1,"Rare Transitions"
27,13.624,0.707085327177262,1,"Rare Transitions"
28,14.148,0.706478544310341,1,"Rare Transitions"
29,14.672,0.707553063502815,1,"Rare Transitions"
30,15.196,0.707231161272479,1,"Rare Transitions"
31,15.72,0.706837557492917,1,"Rare Transitions"
32,16.244,0.707440496054431,1,"Rare Transitions"
33,16.768,0.707434090094268,1,"Rare Transitions"
34,17.292,0.707412079249555,1,"Rare Transitions"
35,17.816,0.707356265222095,1,"Rare Transitions"
36,18.34,0.707294255361892,1,"Rare Transitions"
37,18.864,0.706965443203738,1,"Rare Transitions"
38,19.388,0.706831743152812,1,"Rare Transitions"
39,19.912,0.70679251707294,1,"Rare Transitions"
40,20.436,0.706641067261808,1,"Rare Transitions"
41,20.96,0.70688470549155,1,"Rare Transitions"
42,21.484,0.70644401050196,1,"Rare Transitions"
43,22.008,0.707678939771978,1,"Rare Transitions"
44,22.532,0.707541056685103,1,"Rare Transitions"
45,23.056,0.706482973968191,1,"Rare Transitions"
46,23.58,0.706780923061166,1,"Rare Transitions"
47,24.104,0.706748522539483,1,"Rare Transitions"
48,24.628,0.707395212021843,1,"Rare Transitions"
49,25.152,0.706953490658197,1,"Rare Transitions"
50,25.676,0.70713998454297,1,"Rare Transitions"
51,26.2,0.706984058247134,1,"Rare Transitions"
52,26.724,0.706976063356036,1,"Rare Transitions"
53,27.248,0.707580213461677,1,"Rare Transitions"
54,27.772,0.706874965687143,1,"Rare Transitions"
55,28.296,0.707609419724578,1,"Rare Transitions"
56,28.82,0.706385008800169,1,"Rare Transitions"
57,29.344,0.707308834782801,1,"Rare Transitions"
58,29.868,0.707068998518493,1,"Rare Transitions"
59,30.392,0.707119676694367,1,"Rare Transitions"
60,30.916,0.707207050871057,1,"Rare Transitions"
61,31.44,0.706730808015214,1,"Rare Transitions"
62,31.964,0.70681728441217,1,"Rare Transitions"
63,32.488,0.706515883221151,1,"Rare Transitions"
64,33.012,0.706498669670895,1,"Rare Transitions"
65,33.536,0.707166959076747,1,"Rare Transitions"
66,34.06,0.707242198729655,1,"Rare Transitions"
67,34.584,0.707029590016091,1,"Rare Transitions"
68,35.108,0.707450527644204,1,"Rare Transitions"
69,35.632,0.707671750684315,1,"Rare Transitions"
70,36.156,0.706736383082904,1,"Rare Transitions"
71,36.68,0.706314653956564,1,"Rare Transitions"
72,37.204,0.707479821046442,1,"Rare Transitions"
73,37.728,0.706634739937913,1,"Rare Transitions"
74,38.252,0.706644013149245,1,"Rare Transitions"
75,38.776,0.707486434431141,1,"Rare Transitions"
76,39.3,0.706843072641781,1,"Rare Transitions"
77,39.824,0.706455535045825,1,"Rare Transitions"
78,40.348,0.707100709439581,1,"Rare Transitions"
79,40.872,0.706922675202833,1,"Rare Transitions"
80,41.396,0.707003219388565,1,"Rare Transitions"
81,41.92,0.707209979222342,1,"Rare Transitions"
82,42.444,0.706797623533104,1,"Rare Transitions"
83,42.968,0.707336468104552,1,"Rare Transitions"
84,43.492,0.70687784456606,1,"Rare Transitions"
85,44.016,0.707181962274853,1,"Rare Transitions"
86,44.54,0.70750910175601,1,"Rare Transitions"
87,45.064,0.707235598509619,1,"Rare Transitions"
88,45.588,0.706821133284317,1,"Rare Transitions"
89,46.112,0.707524555280013,1,"Rare Transitions"
90,46.636,0.707475674870703,1,"Rare Transitions"
91,47.16,0.707291606451105,1,"Rare Transitions"
92,47.684,0.707132080471655,1,"Rare Transitions"
93,48.208,0.706671045824047,1,"Rare Transitions"
94,48.732,0.70757846351224,1,"Rare Transitions"
95,49.256,0.706683833270101,1,"Rare Transitions"
96,49.78,0.707679897238128,1,"Rare Transitions"
97,50.304,0.707612239724817,1,"Rare Transitions"
98,50.828,0.706869565630564,1,"Rare Transitions"
99,51.352,0.706513285263581,1,"Rare Transitions"
100,51.876,0.706634216437582,1,"Rare Transitions"
101,52.4,0.707141912016366,1,"Rare Transitions"
102,52.924,0.706863602679083,1,"Rare Transitions"
103,53.448,0.706809728610702,1,"Rare Transitions"
104,53.972,0.706538903329149,1,"Rare Transitions"
105,54.496,0.706974859647732,1,"Rare Transitions"
106,55.02,0.706602756705461,1,"Rare Transitions"
107,55.544,0.706366729078395,1,"Rare Transitions"
108,56.068,0.706792644093838,1,"Rare Transitions"
109,56.592,0.707449331853539,1,"Rare Transitions"
110,57.116,0.706695539662149,1,"Rare Transitions"
111,57.64,0.707319752199575,1,"Rare Transitions"
112,58.164,0.706373981519882,1,"Rare Transitions"
113,58.688,0.70696898353179,1,"Rare Transitions"
114,59.212,0.707277566232812,1,"Rare Transitions"
115,59.736,0.70716569171832,1,"Rare Transitions"
116,60.26,0.707058912514104,1,"Rare Transitions"
117,60.784,0.706665199599881,1,"Rare Transitions"
118,61.308,0.706576842631353,1,"Rare Transitions"
119,61.832,0.706514042111952,1,"Rare Transitions"
120,62.356,0.707065556619177,1,"Rare Transitions"
121,62.88,0.706540377891436,1,"Rare Transitions"
122,63.404,0.706736617645482,1,"Rare Transitions"
123,63.928,0.706858515754528,1,"Rare Transitions"
124,64.452,0.707654357718863,1,"Rare Transitions"
125,64.976,0.706660103445034,1,"Rare Transitions"
126,65.5,0.707130263912352,1,"Rare Transitions"
127,66.024,0.707043498558411,1,"Rare Transitions"
128,66.548,0.706535285134753,1,"Rare Transitions"
129,67.072,0.706960206788685,1,"Rare Transitions"
130,67.596,0.707595991138183,1,"Rare Transitions"
131,68.12,0.707243861579522,1,"Rare Transitions"
132,68.644,0.707023022851953,1,"Rare Transitions"
133,69.168,0.706770863688271,1,"Rare Transitions"
134,69.692,0.706328034020774,1,"Rare Transitions"
135,70.216,0.707519460779102,1,"Rare Transitions"
136,70.74,0.706400879973592,1,"Rare Transitions"
137,71.264,0.707378467703983,1,"Rare Transitions"
138,71.788,0.707660625889944,1,"Rare Transitions"
139,72.312,0.706404138318635,1,"Rare Transitions"
140,72.836,0.707362030437309,1,"Rare Transitions"
141,73.36,0.706855218432471,1,"Rare Transitions"
142,73.884,0.706381141984742,1,"Rare Transitions"
143,74.408,0.706390899619972,1,"Rare Transitions"
144,74.932,0.706376480752742,1,"Rare Transitions"
145,75.456,0.706716838495666,1,"Rare Transitions"
146,75.98,0.706400665736105,1,"Rare Transitions"
147,76.504,0.707355946362903,1,"Rare Transitions"
148,77.028,0.70767499652314,1,"Rare Transitions"
149,77.552,0.706438658561092,1,"Rare Transitions"
150,78.076,0.707398405373143,1,"Rare Transitions"
151,78.6,0.707390692235902,1,"Rare Transitions"
152,79.124,0.707182184593938,1,"Rare Transitions"
153,79.648,0.706519291591924,1,"Rare Transitions"
154,80.172,0.706933441751916,1,"Rare Transitions"
155,80.696,0.706845421956154,1,"Rare Transitions"
156,81.22,0.707298590601003,1,"Rare Transitions"
157,81.744,0.706796696336521,1,"Rare Transitions"
158,82.268,0.707469992371835,1,"Rare Transitions"
159,82.792,0.706795580543671,1,"Rare Transitions"
160,83.316,0.707495268723322,1,"Rare Transitions"
161,83.84,0.706505867654411,1,"Rare Transitions"
162,84.364,0.706445329363504,1,"Rare Transitions"
163,84.888,0.707699166339124,1,"Rare Transitions"
164,85.412,0.706773747797264,1,"Rare Transitions"
165,85.936,0.707164129377482,1,"Rare Transitions"
166,86.46,0.707332916364213,1,"Rare Transitions"
167,86.984,0.70673997909259,1,"Rare Transitions"
168,87.508,0.707276323272707,1,"Rare Transitions"
169,88.032,0.707201492080977,1,"Rare Transitions"
170,88.556,0.706880629468243,1,"Rare Transitions"
171,89.08,0.707036441524187,1,"Rare Transitions"
172,89.604,0.706980976469675,1,"Rare Transitions"
173,90.128,0.707676690253103,1,"Rare Transitions"
174,90.652,0.706620942776464,1,"Rare Transitions"
175,91.176,0.706491156275896,1,"Rare Transitions"
176,91.7,0.707021100531053,1,"Rare Transitions"
177,92.224,0.707170663213218,1,"Rare Transitions"
178,92.748,0.707236280124448,1,"Rare Transitions"
179,93.272,0.706752682990441,1,"Rare Transitions"
180,93.796,0.706501343861083,1,"Rare Transitions"
181,94.32,0.707555434155697,1,"Rare Transitions"
182,94.844,0.706808620760916,1,"Rare Transitions"
183,95.368,0.706570730151888,1,"Rare Transitions"
184,95.892,0.706869251012802,1,"Rare Transitions"
185,96.416,0.70689058293025,1,"Rare Transitions"
186,96.94,0.707513076640526,1,"Rare Transitions"
187,97.464,0.707047270823084,1,"Rare Transitions"
188,97.988,0.707384428158915,1,"Rare Transitions"
189,98.512,0.706732301565818,1,"Rare Transitions"
190,99.036,0.707118860130897,1,"Rare Transitions"
191,99.56,0.706821793152206,1,"Rare Transitions"
192,100.084,0.707052748056268,1,"Rare Transitions"
193,100.608,0.706559415018652,1,"Rare Transitions"
194,101.132,0.706432947378466,1,"Rare Transitions"
195,101.656,0.7076679385948,1,"Rare Transitions"
196,102.18,0.707316376237664,1,"Rare Transitions"
197,102.704,0.706447584844567,1,"Rare Transitions"
198,103.228,0.706678762821341,1,"Rare Transitions"
199,103.752,0.706465079377778,1,"Rare Transitions"
200,104.276,0.709180476016225,2,"Rare Transitions"
201,104.8,0.709067433414329,2,"Rare Transitions"
202,105.324,0.708353628402715,2,"Rare Transitions"
203,105.848,0.70878910266161,2,"Rare Transitions"
204,106.372,0.708275037612254,2,"Rare Transitions"
205,106.896,0.708243728947313,2,"Rare Transitions"
206,107.42,0.708101240915712,2,"Rare Transitions"
207,107.944,0.708186469541676,2,"Rare Transitions"
208,108.468,0.709130869769677,2,"Rare Transitions"
209,108.992,0.708469838937325,2,"Rare Transitions"
210,109.516,0.708566443255218,2,"Rare Transitions"
211,110.04,0.708634768962487,2,"Rare Transitions"
212,110.564,0.70904756003744,2,"Rare Transitions"
213,111.088,0.708224066881416,2,"Rare Transitions"
214,111.612,0.708024665129464,2,"Rare Transitions"
215,112.136,0.709134341699304,2,"Rare Transitions"
216,112.66,0.708261366378749,2,"Rare Transitions"
217,113.184,0.708128747546114,2,"Rare Transitions"
218,113.708,0.707951449941192,2,"Rare Transitions"
219,114.232,0.707939224152686,2,"Rare Transitions"
220,114.756,0.708196190019092,2,"Rare Transitions"
221,115.28,0.708824390722392,2,"Rare Transitions"
222,115.804,0.709013054868486,2,"Rare Transitions"
223,116.328,0.708864559350721,2,"Rare Transitions"
224,116.852,0.70830127974879,2,"Rare Transitions"
225,117.376,0.708533351642312,2,"Rare Transitions"
226,117.9,0.708136742982222,2,"Rare Transitions"
227,118.424,0.70813126763897,2,"Rare Transitions"
228,118.948,0.708936558382492,2,"Rare Transitions"
229,119.472,0.708016876416094,2,"Rare Transitions"
230,119.996,0.709164616131876,2,"Rare Transitions"
231,120.52,0.70844962327755,2,"Rare Transitions"
232,121.044,0.708618911180273,2,"Rare Transitions"
233,121.568,0.708122135688551,2,"Rare Transitions"
234,122.092,0.70819599335948,2,"Rare Transitions"
235,122.616,0.707931483249925,2,"Rare Transitions"
236,123.14,0.708398399592983,2,"Rare Transitions"
237,123.664,0.708727339709178,2,"Rare Transitions"
238,124.188,0.708678004658222,2,"Rare Transitions"
239,124.712,0.706604140919633,1,"Rare Transitions"
240,125.236,0.706601233083475,1,"Rare Transitions"
241,125.76,0.706730869424017,1,"Rare Transitions"
242,126.284,0.707605753510632,1,"Rare Transitions"
243,126.808,0.706478787963046,1,"Rare Transitions"
244,127.332,0.706900528034242,1,"Rare Transitions"
245,127.856,0.707660013293521,1,"Rare Transitions"
246,128.38,0.706943699270487,1,"Rare Transitions"
247,128.904,0.706421716235112,1,"Rare Transitions"
248,129.428,0.708154338591639,2,"Rare Transitions"
249,129.952,0.708760854925541,2,"Rare Transitions"
250,130.476,0.708295048506372,2,"Rare Transitions"
251,131,0.708201940182969,2,"Rare Transitions"
252,131.524,0.708311635977402,2,"Rare Transitions"
253,132.048,0.70855047520888,2,"Rare Transitions"
254,132.572,0.709123049144866,2,"Rare Transitions"
255,133.096,0.708450599283818,2,"Rare Transitions"
256,133.62,0.709004149584519,2,"Rare Transitions"
257,134.144,0.708830259090522,2,"Rare Transitions"
258,134.668,0.70843666628385,2,"Rare Transitions"
259,135.192,0.707887709997687,2,"Rare Transitions"
260,135.716,0.708221599534247,2,"Rare Transitions"
261,136.24,0.708236957908701,2,"Rare Transitions"
262,136.764,0.708526326892758,2,"Rare Transitions"
263,137.288,0.709064526984375,2,"Rare Transitions"
264,137.812,0.709184709579032,2,"Rare Transitions"
265,138.336,0.709114793760842,2,"Rare Transitions"
266,138.86,0.708425851792795,2,"Rare Transitions"
267,139.384,0.707855298876995,2,"Rare Transitions"
268,139.908,0.708288207291206,2,"Rare Transitions"
269,140.432,0.708549757948378,2,"Rare Transitions"
270,140.956,0.708921327496692,2,"Rare Transitions"
271,141.48,0.708964950883901,2,"Rare Transitions"
272,142.004,0.708854354139417,2,"Rare Transitions"
273,142.528,0.707914053184027,2,"Rare Transitions"
274,143.052,0.708923133503925,2,"Rare Transitions"
275,143.576,0.708258636358613,2,"Rare Transitions"
276,144.1,0.708597135727713,2,"Rare Transitions"
277,144.624,0.708541599728027,2,"Rare Transitions"
278,145.148,0.708732029199554,2,"Rare Transitions"
279,145.672,0.708513780059153,2,"Rare Transitions"
280,146.196,0.707866793978913,2,"Rare Transitions"
281,146.72,0.708876999754179,2,"Rare Transitions"
282,147.244,0.708710366100538,2,"Rare Transitions"
283,147.768,0.708353355266014,2,"Rare Transitions"
284,148.292,0.708565832784725,2,"Rare Transitions"
285,148.816,0.708574639582587,2,"Rare Transitions"
286,149.34,0.708622445913823,2,"Rare Transitions"
287,149.864,0.709129419452185,2,"Rare Transitions"
288,150.388,0.708378627571324,2,"Rare Transitions"
289,150.912,0.70859342771587,2,"Rare Transitions"
290,151.436,0.709030143629713,2,"Rare Transitions"
291,151.96,0.70899573996854,2,"Rare Transitions"
292,152.484,0.709023529877979,2,"Rare Transitions"
293,153.008,0.708194536337582,2,"Rare Transitions"
294,153.532,0.709168337007519,2,"Rare Transitions"
295,154.056,0.708537226111349,2,"Rare Transitions"
296,154.58,0.709156654409133,2,"Rare Transitions"
297,155.104,0.707923708621412,2,"Rare Transitions"
298,155.628,0.708511718881642,2,"Rare Transitions"
299,156.152,0.709052068475634,2,"Rare Transitions"
300,156.676,0.708132121576369,2,"Rare Transitions"
301,157.2,0.70811614579265,2,"Rare Transitions"
302,157.724,0.708043577343458,2,"Rare Transitions"
303,158.248,0.708004794881167,2,"Rare Transitions"
304,158.772,0.708263396960078,2,"Rare Transitions"
305,159.296,0.708681643593311,2,"Rare Transitions"
306,159.82,0.707830791201442,2,"Rare Transitions"
307,160.344,0.708617514383933,2,"Rare Transitions"
308,160.868,0.709048654571641,2,"Rare Transitions"
309,161.392,0.709170885222172,2,"Rare Transitions"
310,161.916,0.709064761238592,2,"Rare Transitions"
311,162.44,0.708885570627916,2,"Rare Transitions"
312,162.964,0.707858951268159,2,"Rare Transitions"
313,163.488,0.70818325177771,2,"Rare Transitions"
314,164.012,0.708307362397434,2,"Rare Transitions"
315,164.536,0.708862789475173,2,"Rare Transitions"
316,165.06,0.708441090185521,2,"Rare Transitions"
317,165.584,0.707945710090455,2,"Rare Transitions"
318,166.108,0.709135531746829,2,"Rare Transitions"
319,166.632,0.708946537536569,2,"Rare Transitions"
320,167.156,0.70863137389035,2,"Rare Transitions"
321,167.68,0.709043772110576,2,"Rare Transitions"
322,168.204,0.707926450917963,2,"Rare Transitions"
323,168.728,0.708843890704214,2,"Rare Transitions"
324,169.252,0.708220724655688,2,"Rare Transitions"
325,169.776,0.708854104881128,2,"Rare Transitions"
326,170.3,0.708466050707968,2,"Rare Transitions"
327,170.824,0.708831268484518,2,"Rare Transitions"
328,171.348,0.709072805106267,2,"Rare Transitions"
329,171.872,0.708504071625741,2,"Rare Transitions"
330,172.396,0.708983778572129,2,"Rare Transitions"
331,172.92,0.707964263718203,2,"Rare Transitions"
332,173.444,0.70812937640124,2,"Rare Transitions"
333,173.968,0.709109904606128,2,"Rare Transitions"
334,174.492,0.708705880290037,2,"Rare Transitions"
335,175.016,0.707828103612876,2,"Rare Transitions"
336,175.54,0.70792078905059,2,"Rare Transitions"
337,176.064,0.708388608861435,2,"Rare Transitions"
338,176.588,0.708929372201441,2,"Rare Transitions"
339,177.112,0.708443194540404,2,"Rare Transitions"
340,177.636,0.708827246861486,2,"Rare Transitions"
341,178.16,0.70896371077043,2,"Rare Transitions"
342,178.684,0.709133702403586,2,"Rare Transitions"
343,179.208,0.708531270072563,2,"Rare Transitions"
344,179.732,0.708470980183966,2,"Rare Transitions"
345,180.256,0.707855692891823,2,"Rare Transitions"
346,180.78,0.708555385279655,2,"Rare Transitions"
347,181.304,0.70819719648757,2,"Rare Transitions"
348,181.828,0.708031036249082,2,"Rare Transitions"
349,182.352,0.708400058327895,2,"Rare Transitions"
350,182.876,0.708982906955806,2,"Rare Transitions"
351,183.4,0.707832402289053,2,"Rare Transitions"
352,183.924,0.708268423145683,2,"Rare Transitions"
353,184.448,0.708564996762248,2,"Rare Transitions"
354,184.972,0.708060222221119,2,"Rare Transitions"
355,185.496,0.708683083037985,2,"Rare Transitions"
356,186.02,0.708723469872074,2,"Rare Transitions"
357,186.544,0.708481552022695,2,"Rare Transitions"
358,187.068,0.707809566912381,2,"Rare Transitions"
359,187.592,0.709192911016196,2,"Rare Transitions"
360,188.116,0.708386136821704,2,"Rare Transitions"
361,188.64,0.708839554785145,2,"Rare Transitions"
362,189.164,0.708651015145471,2,"Rare Transitions"
363,189.688,0.708986137817288,2,"Rare Transitions"
364,190.212,0.708910513834888,2,"Rare Transitions"
365,190.736,0.708383680369519,2,"Rare Transitions"
366,191.26,0.708706285821786,2,"Rare Transitions"
367,191.784,0.708041115134442,2,"Rare Transitions"
368,192.308,0.708925958790956,2,"Rare Transitions"
369,192.832,0.708251339772623,2,"Rare Transitions"
370,193.356,0.707689038867038,1,"Rare Transitions"
371,193.88,0.706369110016059,1,"Rare Transitions"
372,194.404,0.706749859820865,1,"Rare Transitions"
373,194.928,0.707413590828516,1,"Rare Transitions"
374,195.452,0.707273028976237,1,"Rare Transitions"
375,195.976,0.706688877044339,1,"Rare Transitions"
376,196.5,0.706523209672188,1,"Rare Transitions"
377,197.024,0.707080412616348,1,"Rare Transitions"
378,197.548,0.706992009306652,1,"Rare Transitions"
379,198.072,0.706351386103732,1,"Rare Transitions"
380,198.596,0.707019293594826,1,"Rare Transitions"
381,199.12,0.707105609937804,1,"Rare Transitions"
382,199.644,0.707097093764227,1,"Rare Transitions"
383,200.168,0.706503992267605,1,"Rare Transitions"
384,200.692,0.707256214395445,1,"Rare Transitions"
385,201.216,0.707582380866259,1,"Rare Transitions"
386,201.74,0.70724624600173,1,"Rare Transitions"
387,202.264,0.706479290187452,1,"Rare Transitions"
388,202.788,0.706764165788237,1,"Rare Transitions"
389,203.312,0.70718951460775,1,"Rare Transitions"
390,203.836,0.706662321681902,1,"Rare Transitions"
391,204.36,0.706321668736543,1,"Rare Transitions"
392,204.884,0.70743640741799,1,"Rare Transitions"
393,205.408,0.706584783942299,1,"Rare Transitions"
394,205.932,0.706696385776112,1,"Rare Transitions"
395,206.456,0.707607175128721,1,"Rare Transitions"
396,206.98,0.706607191564375,1,"Rare Transitions"
397,207.504,0.707421608230611,1,"Rare Transitions"
398,208.028,0.706445196193643,1,"Rare Transitions"
399,208.552,0.706806052708812,1,"Rare Transitions"
400,209.076,0.706958954566997,1,"Rare Transitions"
401,209.6,0.706469780875975,1,"Rare Transitions"
402,210.124,0.706667914825864,1,"Rare Transitions"
403,210.648,0.70698389367531,1,"Rare Transitions"
404,211.172,0.707348310033604,1,"Rare Transitions"
405,211.696,0.706369181835465,1,"Rare Transitions"
406,212.22,0.706808566193422,1,"Rare Transitions"
407,212.744,0.707385416121501,1,"Rare Transitions"
408,213.268,0.706713012979738,1,"Rare Transitions"
409,213.792,0.707125862273294,1,"Rare Transitions"
410,214.316,0.707264209568174,1,"Rare Transitions"
411,214.84,0.707147821578057,1,"Rare Transitions"
412,215.364,0.708840486881277,2,"Rare Transitions"
413,215.888,0.708431636468973,2,"Rare Transitions"
414,216.412,0.708275377719663,2,"Rare Transitions"
415,216.936,0.707805749716656,2,"Rare Transitions"
416,217.46,0.708448165295692,2,"Rare Transitions"
417,217.984,0.708733108004089,2,"Rare Transitions"
418,218.508,0.708785338130081,2,"Rare Transitions"
419,219.032,0.708205093003064,2,"Rare Transitions"
420,219.556,0.709147389849508,2,"Rare Transitions"
421,220.08,0.708657812855998,2,"Rare Transitions"
422,220.604,0.708570362665085,2,"Rare Transitions"
423,221.128,0.709057705163676,2,"Rare Transitions"
424,221.652,0.708130728910304,2,"Rare Transitions"
425,222.176,0.708256726405397,2,"Rare Transitions"
426,222.7,0.709188443329558,2,"Rare Transitions"
427,223.224,0.708506215735385,2,"Rare Transitions"
428,223.748,0.709128355350857,2,"Rare Transitions"
429,224.272,0.707905203247256,2,"Rare Transitions"
430,224.796,0.708394232933083,2,"Rare Transitions"
431,225.32,0.7087064190011,2,"Rare Transitions"
432,225.844,0.708665096572647,2,"Rare Transitions"
433,226.368,0.708020213401317,2,"Rare Transitions"
434,226.892,0.70851075600842,2,"Rare Transitions"
435,227.416,0.707996904665232,2,"Rare Transitions"
436,227.94,0.708866779452422,2,"Rare Transitions"
437,228.464,0.709005385100609,2,"Rare Transitions"
438,228.988,0.707818257441558,2,"Rare Transitions"
439,229.512,0.709048399225017,2,"Rare Transitions"
440,230.036,0.707950212516915,2,"Rare Transitions"
441,230.56,0.708745507333614,2,"Rare Transitions"
442,231.084,0.708843478579214,2,"Rare Transitions"
443,231.608,0.708389096725872,2,"Rare Transitions"
444,232.132,0.708163197338208,2,"Rare Transitions"
445,232.656,0.708591916080844,2,"Rare Transitions"
446,233.18,0.708737444964284,2,"Rare Transitions"
447,233.704,0.708936049120873,2,"Rare Transitions"
448,234.228,0.707828095852677,2,"Rare Transitions"
449,234.752,0.707871232159063,2,"Rare Transitions"
450,235.276,0.709093178898469,2,"Rare Transitions"
451,235.8,0.708993310440239,2,"Rare Transitions"
452,236.324,0.708735653100908,2,"Rare Transitions"
453,236.848,0.708867850825004,2,"Rare Transitions"
454,237.372,0.708948664317047,2,"Rare Transitions"
455,237.896,0.707805454880278,2,"Rare Transitions"
456,238.42,0.709013184251636,2,"Rare Transitions"
457,238.944,0.708239379600854,2,"Rare Transitions"
458,239.468,0.708627671259828,2,"Rare Transitions"
459,239.992,0.708337511340156,2,"Rare Transitions"
460,240.516,0.708931740757404,2,"Rare Transitions"
461,241.04,0.708309239772614,2,"Rare Transitions"
462,241.564,0.708777125209896,2,"Rare Transitions"
463,242.088,0.708287221073825,2,"Rare Transitions"
464,242.612,0.707992141064582,2,"Rare Transitions"
465,243.136,0.709041607600218,2,"Rare Transitions"
466,243.66,0.708878872146038,2,"Rare Transitions"
467,244.184,0.709140737639367,2,"Rare Transitions"
468,244.708,0.708536363983806,2,"Rare Transitions"
469,245.232,0.709017588498397,2,"Rare Transitions"
470,245.756,0.709166245570872,2,"Rare Transitions"
471,246.28,0.708344838452246,2,"Rare Transitions"
472,246.804,0.707930096148699,2,"Rare Transitions"
473,247.328,0.708367583093233,2,"Rare Transitions"
474,247.852,0.708381360434508,2,"Rare Transitions"
475,248.376,0.708584392752452,2,"Rare Transitions"
476,248.9,0.709139211669797,2,"Rare Transitions"
477,249.424,0.708321020839829,2,"Rare Transitions"
478,249.948,0.708703598522022,2,"Rare Transitions"
479,250.472,0.708373924299888,2,"Rare Transitions"
480,250.996,0.708511421318585,2,"Rare Transitions"
481,251.52,0.708672565936902,2,"Rare Transitions"
482,252.044,0.709071124961134,2,"Rare Transitions"
483,252.568,0.708567592803482,2,"Rare Transitions"
484,253.092,0.708866839665268,2,"Rare Transitions"
485,253.616,0.708894756480539,2,"Rare Transitions"
486,254.14,0.70894778253492,2,"Rare Transitions"
487,254.664,0.70819599058032,2,"Rare Transitions"
488,255.188,0.709127366372896,2,"Rare Transitions"
489,255.712,0.708292264740821,2,"Rare Transitions"
490,256.236,0.708441027515894,2,"Rare Transitions"
491,256.76,0.709087787280744,2,"Rare Transitions"
492,257.284,0.70906305448967,2,"Rare Transitions"
493,257.808,0.707993001711927,2,"Rare Transitions"
494,258.332,0.70806783706164,2,"Rare Transitions"
495,258.856,0.707922107022582,2,"Rare Transitions"
496,259.38,0.708601008151332,2,"Rare Transitions"
497,259.904,0.708591651532939,2,"Rare Transitions"
498,260.428,0.70869895934728,2,"Rare Transitions"
499,260.952,0.708793411796633,2,"Rare Transitions"
500,261.476,0.708183071827935,2,"Rare Transitions"
501,262,0.708024258738803,2,"Rare Transitions"
502,262.524,0.708986834820825,2,"Rare Transitions"
503,263.048,0.708883168971399,2,"Rare Transitions"
504,263.572,0.707891879356559,2,"Rare Transitions"
505,264.096,0.708446938400995,2,"Rare Transitions"
506,264.62,0.708059196446184,2,"Rare Transitions"
507,265.144,0.707826867442904,2,"Rare Transitions"
508,265.668,0.70858353111092,2,"Rare Transitions"
509,266.192,0.708455804966111,2,"Rare Transitions"
510,266.716,0.708445703198481,2,"Rare Transitions"
511,267.24,0.708619791806862,2,"Rare Transitions"
512,267.764,0.708935732289497,2,"Rare Transitions"
513,268.288,0.708614026273508,2,"Rare Transitions"
514,268.812,0.708176324829738,2,"Rare Transitions"
515,269.336,0.708123723238055,2,"Rare Transitions"
516,269.86,0.708426598197641,2,"Rare Transitions"
517,270.384,0.708670416375855,2,"Rare Transitions"
518,270.908,0.708008941899193,2,"Rare Transitions"
519,271.432,0.708397639807034,2,"Rare Transitions"
520,271.956,0.708966612680256,2,"Rare Transitions"
521,272.48,0.708439641457749,2,"Rare Transitions"
522,273.004,0.708139439908648,2,"Rare Transitions"
523,273.528,0.708347813127749,2,"Rare Transitions"
524,274.052,0.709014499256061,2,"Rare Transitions"
525,274.576,0.708792397543508,2,"Rare Transitions"
526,275.1,0.709048654777324,2,"Rare Transitions"
527,275.624,0.708577439028583,2,"Rare Transitions"
528,276.148,0.708722877096152,2,"Rare Transitions"
529,276.672,0.708203572686668,2,"Rare Transitions"
530,277.196,0.708818547086371,2,"Rare Transitions"
531,277.72,0.708228835762339,2,"Rare Transitions"
532,278.244,0.707908810176048,2,"Rare Transitions"
533,278.768,0.708571291820705,2,"Rare Transitions"
534,279.292,0.709163829171704,2,"Rare Transitions"
535,279.816,0.708903773134295,2,"Rare Transitions"
536,280.34,0.709029258484626,2,"Rare Transitions"
537,280.864,0.708696207881067,2,"Rare Transitions"
538,281.388,0.708179972606571,2,"Rare Transitions"
539,281.912,0.708387809900939,2,"Rare Transitions"
540,282.436,0.708349263755558,2,"Rare Transitions"
541,282.96,0.708247498967079,2,"Rare Transitions"
542,283.484,0.708863069975376,2,"Rare Transitions"
543,284.008,0.707961815439863,2,"Rare Transitions"
544,284.532,0.708929597417032,2,"Rare Transitions"
545,285.056,0.708928747116402,2,"Rare Transitions"
546,285.58,0.707961472373362,2,"Rare Transitions"
547,286.104,0.708834247958846,2,"Rare Transitions"
548,286.628,0.709189437431982,2,"Rare Transitions"
549,287.152,0.708204166152002,2,"Rare Transitions"
550,287.676,0.708921284988197,2,"Rare Transitions"
551,288.2,0.70810386716458,2,"Rare Transitions"
552,288.724,0.709013315191586,2,"Rare Transitions"
553,289.248,0.70863809396564,2,"Rare Transitions"
554,289.772,0.709131013737712,2,"Rare Transitions"
555,290.296,0.707901201213291,2,"Rare Transitions"
556,290.82,0.7084713617092,2,"Rare Transitions"
557,291.344,0.708218771885941,2,"Rare Transitions"
558,291.868,0.708390534184454,2,"Rare Transitions"
559,292.392,0.708170279163215,2,"Rare Transitions"
560,292.916,0.708083058394771,2,"Rare Transitions"
561,293.44,0.708806056443229,2,"Rare Transitions"
562,293.964,0.707993746178271,2,"Rare Transitions"
563,294.488,0.709103539497591,2,"Rare Transitions"
564,295.012,0.70796487850477,2,"Rare Transitions"
565,295.536,0.708556358656054,2,"Rare Transitions"
566,296.06,0.708784171305457,2,"Rare Transitions"
567,296.584,0.7088098329728,2,"Rare Transitions"
568,297.108,0.708333991635451,2,"Rare Transitions"
569,297.632,0.70854435665803,2,"Rare Transitions"
570,298.156,0.708964506444894,2,"Rare Transitions"
571,298.68,0.707901684695808,2,"Rare Transitions"
572,299.204,0.708104057296133,2,"Rare Transitions"
573,299.728,0.70867593564163,2,"Rare Transitions"
574,300.252,0.708259534129873,2,"Rare Transitions"
575,300.776,0.709080520038586,2,"Rare Transitions"
576,301.3,0.708849449934345,2,"Rare Transitions"
577,301.824,0.708540271554375,2,"Rare Transitions"
578,302.348,0.707892131649563,2,"Rare Transitions"
579,302.872,0.708514575821953,2,"Rare Transitions"
580,303.396,0.708326180811366,2,"Rare Transitions"
581,303.92,0.708442937144125,2,"Rare Transitions"
582,304.444,0.70796616645134,2,"Rare Transitions"
583,304.968,0.708767385789798,2,"Rare Transitions"
584,305.492,0.70800917749377,2,"Rare Transitions"
585,306.016,0.70837472014646,2,"Rare Transitions"
586,306.54,0.708707978888089,2,"Rare Transitions"
587,307.064,0.708103326994507,2,"Rare Transitions"
588,307.588,0.708808070641011,2,"Rare Transitions"
589,308.112,0.707931601949641,2,"Rare Transitions"
590,308.636,0.707803470334364,2,"Rare Transitions"
591,309.16,0.708750631933287,2,"Rare Transitions"
592,309.684,0.708919575961772,2,"Rare Transitions"
593,310.208,0.708342497560754,2,"Rare Transitions"
594,310.732,0.70877007913324,2,"Rare Transitions"
595,311.256,0.70797340071192,2,"Rare Transitions"
596,311.78,0.708429175942903,2,"Rare Transitions"
597,312.304,0.707836536810314,2,"Rare Transitions"
598,312.828,0.709033728390746,2,"Rare Transitions"
599,313.352,0.709155971299112,2,"Rare Transitions"
600,313.876,0.709002027970226,2,"Rare Transitions"
601,314.4,0.708484728097962,2,"Rare Transitions"
602,314.924,0.708481387801608,2,"Rare Transitions"
603,315.448,0.707890651581436,2,"Rare Transitions"
604,315.972,0.708899488065764,2,"Rare Transitions"
605,316.496,0.708383166283322,2,"Rare Transitions"
606,317.02,0.708157942363806,2,"Rare Transitions"
607,317.544,0.707910559648601,2,"Rare Transitions"
608,318.068,0.708335050824191,2,"Rare Transitions"
609,318.592,0.708077093091467,2,"Rare Transitions"
610,319.116,0.70828394146394,2,"Rare Transitions"
611,319.64,0.707956363209011,2,"Rare Transitions"
612,320.164,0.7091359569625,2,"Rare Transitions"
613,320.688,0.708491062664101,2,"Rare Transitions"
614,321.212,0.709002320474991,2,"Rare Transitions"
615,321.736,0.70780649341112,2,"Rare Transitions"
616,322.26,0.708255284400284,2,"Rare Transitions"
617,322.784,0.708149558581039,2,"Rare Transitions"
618,323.308,0.707954950302606,2,"Rare Transitions"
619,323.832,0.709114629734354,2,"Rare Transitions"
620,324.356,0.707909890102222,2,"Rare Transitions"
621,324.88,0.708674867751636,2,"Rare Transitions"
622,325.404,0.708921883420879,2,"Rare Transitions"
623,325.928,0.708598998470744,2,"Rare Transitions"
624,326.452,0.708067004437651,2,"Rare Transitions"
625,326.976,0.708957366070431,2,"Rare Transitions"
626,327.5,0.708594816632056,2,"Rare Transitions"
627,328.024,0.706501289344439,1,"Rare Transitions"
628,328.548,0.706415585484775,1,"Rare Transitions"
629,329.072,0.707674160420475,1,"Rare Transitions"
630,329.596,0.706648216910241,1,"Rare Transitions"
631,330.12,0.70634446024904,1,"Rare Transitions"
632,330.644,0.70728430216359,1,"Rare Transitions"
633,331.168,0.70717052988722,1,"Rare Transitions"
634,331.692,0.7064230524607,1,"Rare Transitions"
635,332.216,0.706336414994718,1,"Rare Transitions"
636,332.74,0.70693518894827,1,"Rare Transitions"
637,333.264,0.7075218234648,1,"Rare Transitions"
638,333.788,0.707332713090163,1,"Rare Transitions"
639,334.312,0.706735439768108,1,"Rare Transitions"
640,334.836,0.706582922437601,1,"Rare Transitions"
641,335.36,0.707149562211148,1,"Rare Transitions"
642,335.884,0.70708752353224,1,"Rare Transitions"
643,336.408,0.707329781765118,1,"Rare Transitions"
644,336.932,0.706784577861521,1,"Rare Transitions"
645,337.456,0.707442075126618,1,"Rare Transitions"
646,337.98,0.706584256069828,1,"Rare Transitions"
647,338.504,0.706818691901071,1,"Rare Transitions"
648,339.028,0.707378835865715,1,"Rare Transitions"
649,339.552,0.707474468397582,1,"Rare Transitions"
650,340.076,0.706336793173617,1,"Rare Transitions"
651,340.6,0.707059753445908,1,"Rare Transitions"
652,341.124,0.707320130353374,1,"Rare Transitions"
653,341.648,0.706402780156396,1,"Rare Transitions"
654,342.172,0.707258452174766,1,"Rare Transitions"
655,342.696,0.706585300267208,1,"Rare Transitions"
656,343.22,0.707484674060671,1,"Rare Transitions"
657,343.744,0.707286828990839,1,"Rare Transitions"
658,344.268,0.70739069641605,1,"Rare Transitions"
659,344.792,0.707067260656413,1,"Rare Transitions"
660,345.316,0.70742855326659,1,"Rare Transitions"
661,345.84,0.707582800201233,1,"Rare Transitions"
662,346.364,0.707665511018364,1,"Rare Transitions"
663,346.888,0.706984142949246,1,"Rare Transitions"
664,347.412,0.706317156473827,1,"Rare Transitions"
665,347.936,0.707017604960315,1,"Rare Transitions"
666,348.46,0.707114006420737,1,"Rare Transitions"
667,348.984,0.70691358435275,1,"Rare Transitions"
668,349.508,0.707301112695271,1,"Rare Transitions"
669,350.032,0.707481480591372,1,"Rare Transitions"
670,350.556,0.706723129366152,1,"Rare Transitions"
671,351.08,0.706838079548255,1,"Rare Transitions"
672,351.604,0.707216477442719,1,"Rare Transitions"
673,352.128,0.706707516140211,1,"Rare Transitions"
674,352.652,0.707050903903227,1,"Rare Transitions"
675,353.176,0.706334857577225,1,"Rare Transitions"
676,353.7,0.706483929556142,1,"Rare Transitions"
677,354.224,0.70642898123269,1,"Rare Transitions"
678,354.748,0.706575319465715,1,"Rare Transitions"
679,355.272,0.706641682919348,1,"Rare Transitions"
680,355.796,0.707208435471496,1,"Rare Transitions"
681,356.32,0.707471769075328,1,"Rare Transitions"
682,356.844,0.706626893735118,1,"Rare Transitions"
683,357.368,0.706523189871572,1,"Rare Transitions"
684,357.892,0.706508289167937,1,"Rare Transitions"
685,358.416,0.706774910106976,1,"Rare Transitions"
686,358.94,0.706867758131074,1,"Rare Transitions"
687,359.464,0.707259939868143,1,"Rare Transitions"
688,359.988,0.7068235749593,1,"Rare Transitions"
689,360.512,0.706326365022594,1,"Rare Transitions"
690,361.036,0.706949003269384,1,"Rare Transitions"
691,361.56,0.707535392240342,1,"Rare Transitions"
692,362.084,0.707536607668316,1,"Rare Transitions"
693,362.608,0.706601093445532,1,"Rare Transitions"
694,363.132,0.706385173278768,1,"Rare Transitions"
695,363.656,0.707690221717954,1,"Rare Transitions"
696,364.18,0.706909681520704,1,"Rare Transitions"
697,364.704,0.706945657634083,1,"Rare Transitions"
698,365.228,0.707228153765341,1,"Rare Transitions"
699,365.752,0.70637456321111,1,"Rare Transitions"
700,366.276,0.706626535632601,1,"Rare Transitions"
701,366.8,0.706386416783556,1,"Rare Transitions"
702,367.324,0.706641775124147,1,"Rare Transitions"
703,367.848,0.70706622374854,1,"Rare Transitions"
704,368.372,0.7064206410693,1,"Rare Transitions"
705,368.896,0.707311358415289,1,"Rare Transitions"
706,369.42,0.707159377321135,1,"Rare Transitions"
707,369.944,0.706556116969045,1,"Rare Transitions"
708,370.468,0.707125335910683,1,"Rare Transitions"
709,370.992,0.707381912158523,1,"Rare Transitions"
710,371.516,0.707497947367467,1,"Rare Transitions"
711,372.04,0.70688201171197,1,"Rare Transitions"
712,372.564,0.706947778378054,1,"Rare Transitions"
713,373.088,0.706951629108516,1,"Rare Transitions"
714,373.612,0.707595382012287,1,"Rare Transitions"
715,374.136,0.707517609002115,1,"Rare Transitions"
716,374.66,0.707417161683645,1,"Rare Transitions"
717,375.184,0.706841695974627,1,"Rare Transitions"
718,375.708,0.707203721859865,1,"Rare Transitions"
719,376.232,0.70721928573926,1,"Rare Transitions"
720,376.756,0.706508294216776,1,"Rare Transitions"
721,377.28,0.70635875354656,1,"Rare Transitions"
722,377.804,0.707335311510274,1,"Rare Transitions"
723,378.328,0.706388331237668,1,"Rare Transitions"
724,378.852,0.707000940378848,1,"Rare Transitions"
725,379.376,0.707138323008688,1,"Rare Transitions"
726,379.9,0.707299008936575,1,"Rare Transitions"
727,380.424,0.707105168865668,1,"Rare Transitions"
728,380.948,0.706624553315295,1,"Rare Transitions"
729,381.472,0.707473232476972,1,"Rare Transitions"
730,381.996,0.707642530555278,1,"Rare Transitions"
731,382.52,0.707435245270282,1,"Rare Transitions"
732,383.044,0.706336356288474,1,"Rare Transitions"
733,383.568,0.707586851811549,1,"Rare Transitions"
734,384.092,0.706968708070647,1,"Rare Transitions"
735,384.616,0.707280250055529,1,"Rare Transitions"
736,385.14,0.707326255990658,1,"Rare Transitions"
737,385.664,0.706946082982747,1,"Rare Transitions"
738,386.188,0.706958003705833,1,"Rare Transitions"
739,386.712,0.707484310108423,1,"Rare Transitions"
740,387.236,0.707366302082036,1,"Rare Transitions"
741,387.76,0.707474567827024,1,"Rare Transitions"
742,388.284,0.707687977071898,1,"Rare Transitions"
743,388.808,0.707345503077423,1,"Rare Transitions"
744,389.332,0.707115001456067,1,"Rare Transitions"
745,389.856,0.706318942878302,1,"Rare Transitions"
746,390.38,0.70769502399019,1,"Rare Transitions"
747,390.904,0.706740527654905,1,"Rare Transitions"
748,391.428,0.707687706904393,1,"Rare Transitions"
749,391.952,0.707204452108359,1,"Rare Transitions"
750,392.476,0.707613239566144,1,"Rare Transitions"
751,393,0.706938847385393,1,"Rare Transitions"
752,393.524,0.707273684975924,1,"Rare Transitions"
753,394.048,0.707118594125286,1,"Rare Transitions"
754,394.572,0.706896645073872,1,"Rare Transitions"
755,395.096,0.706932919818815,1,"Rare Transitions"
756,395.62,0.70748220249,1,"Rare Transitions"
757,396.144,0.70688823824781,1,"Rare Transitions"
758,396.668,0.706329107188433,1,"Rare Transitions"
759,397.192,0.706891287798621,1,"Rare Transitions"
760,397.716,0.707287460994441,1,"Rare Transitions"
761,398.24,0.707323684348073,1,"Rare Transitions"
762,398.764,0.707323736130213,1,"Rare Transitions"
763,399.288,0.706363438631874,1,"Rare Transitions"
764,399.812,0.70720137600298,1,"Rare Transitions"
765,400.336,0.707466819713963,1,"Rare Transitions"
766,400.86,0.707558774279291,1,"Rare Transitions"
767,401.384,0.706875406584563,1,"Rare Transitions"
768,401.908,0.706823273854656,1,"Rare Transitions"
769,402.432,0.707604244430503,1,"Rare Transitions"
770,402.956,0.706366731004184,1,"Rare Transitions"
771,403.48,0.706763564261189,1,"Rare Transitions"
772,404.004,0.707246862740489,1,"Rare Transitions"
773,404.528,0.706373997949716,1,"Rare Transitions"
774,405.052,0.707154165874841,1,"Rare Transitions"
775,405.576,0.707657720168307,1,"Rare Transitions"
776,406.1,0.70699773205216,1,"Rare Transitions"
777,406.624,0.706846464700717,1,"Rare Transitions"
778,407.148,0.707255605075927,1,"Rare Transitions"
779,407.672,0.706846132599935,1,"Rare Transitions"
780,408.196,0.708908808024088,2,"Rare Transitions"
781,408.72,0.708943964822544,2,"Rare Transitions"
782,409.244,0.708501503348397,2,"Rare Transitions"
783,409.768,0.707967522872286,2,"Rare Transitions"
784,410.292,0.707931200830126,2,"Rare Transitions"
785,410.816,0.708187228049198,2,"Rare Transitions"
786,411.34,0.708902338948706,2,"Rare Transitions"
787,411.864,0.707835144152073,2,"Rare Transitions"
788,412.388,0.707841475808015,2,"Rare Transitions"
789,412.912,0.708159277566196,2,"Rare Transitions"
790,413.436,0.708714697322808,2,"Rare Transitions"
791,413.96,0.708052661446435,2,"Rare Transitions"
792,414.484,0.708937350177346,2,"Rare Transitions"
793,415.008,0.708682801480358,2,"Rare Transitions"
794,415.532,0.708405155003304,2,"Rare Transitions"
795,416.056,0.708910980862146,2,"Rare Transitions"
796,416.58,0.708711577921407,2,"Rare Transitions"
797,417.104,0.708258950931393,2,"Rare Transitions"
798,417.628,0.70862794213891,2,"Rare Transitions"
799,418.152,0.708837890173774,2,"Rare Transitions"
800,418.676,0.708694860134972,2,"Rare Transitions"
801,419.2,0.708157372097252,2,"Rare Transitions"
802,419.724,0.708925292550167,2,"Rare Transitions"
803,420.248,0.709025744410604,2,"Rare Transitions"
804,420.772,0.708652363964962,2,"Rare Transitions"
805,421.296,0.708580207519839,2,"Rare Transitions"
806,421.82,0.708457802164275,2,"Rare Transitions"
807,422.344,0.709178535738354,2,"Rare Transitions"
808,422.868,0.708652385992557,2,"Rare Transitions"
809,423.392,0.708411957586976,2,"Rare Transitions"
810,423.916,0.707808501147339,2,"Rare Transitions"
811,424.44,0.707882261799648,2,"Rare Transitions"
812,424.964,0.708456661607697,2,"Rare Transitions"
813,425.488,0.708614407146815,2,"Rare Transitions"
814,426.012,0.708652685369924,2,"Rare Transitions"
815,426.536,0.70891204963224,2,"Rare Transitions"
816,427.06,0.708392239583237,2,"Rare Transitions"
817,427.584,0.709042833920242,2,"Rare Transitions"
818,428.108,0.708049746752996,2,"Rare Transitions"
819,428.632,0.707958813906647,2,"Rare Transitions"
820,429.156,0.707953353884304,2,"Rare Transitions"
821,429.68,0.708879464815697,2,"Rare Transitions"
822,430.204,0.708453740630997,2,"Rare Transitions"
823,430.728,0.708899256119365,2,"Rare Transitions"
824,431.252,0.70835224771481,2,"Rare Transitions"
825,431.776,0.708187745988602,2,"Rare Transitions"
826,432.3,0.708298827251187,2,"Rare Transitions"
827,432.824,0.707844756111223,2,"Rare Transitions"
828,433.348,0.707969509074418,2,"Rare Transitions"
829,433.872,0.707904504818609,2,"Rare Transitions"
830,434.396,0.708995785223599,2,"Rare Transitions"
831,434.92,0.708185200913297,2,"Rare Transitions"
832,435.444,0.708899109703349,2,"Rare Transitions"
833,435.968,0.709109423261601,2,"Rare Transitions"
834,436.492,0.708393543029996,2,"Rare Transitions"
835,437.016,0.708656447771937,2,"Rare Transitions"
836,437.54,0.707855953989085,2,"Rare Transitions"
837,438.064,0.708089082388999,2,"Rare Transitions"
838,438.588,0.70853138053976,2,"Rare Transitions"
839,439.112,0.708664588387357,2,"Rare Transitions"
840,439.636,0.70811333011142,2,"Rare Transitions"
841,440.16,0.70919492076817,2,"Rare Transitions"
842,440.684,0.708252670523664,2,"Rare Transitions"
843,441.208,0.70853585659354,2,"Rare Transitions"
844,441.732,0.70883892132286,2,"Rare Transitions"
845,442.256,0.708485469732992,2,"Rare Transitions"
846,442.78,0.708163899198593,2,"Rare Transitions"
847,443.304,0.708992882790929,2,"Rare Transitions"
848,443.828,0.709125665144482,2,"Rare Transitions"
849,444.352,0.708483417791314,2,"Rare Transitions"
850,444.876,0.708798246285086,2,"Rare Transitions"
851,445.4,0.708445679167844,2,"Rare Transitions"
852,445.924,0.708983411135012,2,"Rare Transitions"
853,446.448,0.707973328887625,2,"Rare Transitions"
854,446.972,0.709185793922003,2,"Rare Transitions"
855,447.496,0.708182308733789,2,"Rare Transitions"
856,448.02,0.707901224585809,2,"Rare Transitions"
857,448.544,0.708307954995381,2,"Rare Transitions"
858,449.068,0.708581646515988,2,"Rare Transitions"
859,449.592,0.709126880328963,2,"Rare Transitions"
860,450.116,0.70894647057075,2,"Rare Transitions"
861,450.64,0.708579297466949,2,"Rare Transitions"
862,451.164,0.707915280032437,2,"Rare Transitions"
863,451.688,0.708070528619783,2,"Rare Transitions"
864,452.212,0.708409205874661,2,"Rare Transitions"
865,452.736,0.709192524591088,2,"Rare Transitions"
866,453.26,0.707843997329892,2,"Rare Transitions"
867,453.784,0.709019377536001,2,"Rare Transitions"
868,454.308,0.708218621638883,2,"Rare Transitions"
869,454.832,0.709132999339094,2,"Rare Transitions"
870,455.356,0.70797823363021,2,"Rare Transitions"
871,455.88,0.708579941412201,2,"Rare Transitions"
872,456.404,0.707990069487551,2,"Rare Transitions"
873,456.928,0.708943623687047,2,"Rare Transitions"
874,457.452,0.709103492800146,2,"Rare Transitions"
875,457.976,0.709164236823842,2,"Rare Transitions"
876,458.5,0.708902428408572,2,"Rare Transitions"
877,459.024,0.709154296900378,2,"Rare Transitions"
878,459.548,0.709051173839485,2,"Rare Transitions"
879,460.072,0.708426558253495,2,"Rare Transitions"
880,460.596,0.708756665076315,2,"Rare Transitions"
881,461.12,0.708031737404736,2,"Rare Transitions"
882,461.644,0.708397149319248,2,"Rare Transitions"
883,462.168,0.709044530173484,2,"Rare Transitions"
884,462.692,0.708788181775017,2,"Rare Transitions"
885,463.216,0.708746810042066,2,"Rare Transitions"
886,463.74,0.708009446337866,2,"Rare Transitions"
887,464.264,0.708181851730216,2,"Rare Transitions"
888,464.788,0.708111154330568,2,"Rare Transitions"
889,465.312,0.708715162818041,2,"Rare Transitions"
890,465.836,0.708025348249916,2,"Rare Transitions"
891,466.36,0.708798138530226,2,"Rare Transitions"
892,466.884,0.707984970752708,2,"Rare Transitions"
893,467.408,0.709152771018166,2,"Rare Transitions"
894,467.932,0.708748435718473,2,"Rare Transitions"
895,468.456,0.708138310539443,2,"Rare Transitions"
896,468.98,0.708633336331416,2,"Rare Transitions"
897,469.504,0.708307148894342,2,"Rare Transitions"
898,470.028,0.708702630863013,2,"Rare Transitions"
899,470.552,0.708634685079846,2,"Rare Transitions"
900,471.076,0.708017369790282,2,"Rare Transitions"
901,471.6,0.708100132595887,2,"Rare Transitions"
902,472.124,0.708664859031746,2,"Rare Transitions"
903,472.648,0.709129158285819,2,"Rare Transitions"
904,473.172,0.709005336071877,2,"Rare Transitions"
905,473.696,0.708172578476835,2,"Rare Transitions"
906,474.22,0.708913806517841,2,"Rare Transitions"
907,474.744,0.708472884302446,2,"Rare Transitions"
908,475.268,0.708665777269239,2,"Rare Transitions"
909,475.792,0.70864379054578,2,"Rare Transitions"
910,476.316,0.709192992317537,2,"Rare Transitions"
911,476.84,0.707965132291987,2,"Rare Transitions"
912,477.364,0.708556270139199,2,"Rare Transitions"
913,477.888,0.707852555774664,2,"Rare Transitions"
914,478.412,0.708811289537698,2,"Rare Transitions"
915,478.936,0.709009031192539,2,"Rare Transitions"
916,479.46,0.709096209634049,2,"Rare Transitions"
917,479.984,0.707837947831349,2,"Rare Transitions"
918,480.508,0.708724157149531,2,"Rare Transitions"
919,481.032,0.709122245942941,2,"Rare Transitions"
920,481.556,0.708275203744788,2,"Rare Transitions"
921,482.08,0.70838239271827,2,"Rare Transitions"
922,482.604,0.708479597808281,2,"Rare Transitions"
923,483.128,0.708699431813229,2,"Rare Transitions"
924,483.652,0.708845836236281,2,"Rare Transitions"
925,484.176,0.709068705468252,2,"Rare Transitions"
926,484.7,0.70844674928775,2,"Rare Transitions"
927,485.224,0.708608925214223,2,"Rare Transitions"
928,485.748,0.709191007487709,2,"Rare Transitions"
929,486.272,0.708733522483846,2,"Rare Transitions"
930,486.796,0.708604799568932,2,"Rare Transitions"
931,487.32,0.707925662021898,2,"Rare Transitions"
932,487.844,0.708501595155522,2,"Rare Transitions"
933,488.368,0.708377386938268,2,"Rare Transitions"
934,488.892,0.708493830812117,2,"Rare Transitions"
935,489.416,0.70819550621314,2,"Rare Transitions"
936,489.94,0.708144539236417,2,"Rare Transitions"
937,490.464,0.708129734153021,2,"Rare Transitions"
938,490.988,0.70838110755966,2,"Rare Transitions"
939,491.512,0.709080110612232,2,"Rare Transitions"
940,492.036,0.708994103226019,2,"Rare Transitions"
941,492.56,0.708303206019383,2,"Rare Transitions"
942,493.084,0.707864268325129,2,"Rare Transitions"
943,493.608,0.708078840428311,2,"Rare Transitions"
944,494.132,0.708252987142513,2,"Rare Transitions"
945,494.656,0.708557780351397,2,"Rare Transitions"
946,495.18,0.708155307468772,2,"Rare Transitions"
947,495.704,0.709168651425466,2,"Rare Transitions"
948,496.228,0.708349791423324,2,"Rare Transitions"
949,496.752,0.707957338245213,2,"Rare Transitions"
950,497.276,0.708421364218835,2,"Rare Transitions"
951,497.8,0.708020300550107,2,"Rare Transitions"
952,498.324,0.70858686279892,2,"Rare Transitions"
953,498.848,0.70862931139986,2,"Rare Transitions"
954,499.372,0.708694495398458,2,"Rare Transitions"
955,499.896,0.707873383590812,2,"Rare Transitions"
956,500.42,0.708622277932428,2,"Rare Transitions"
957,500.944,0.708670646903012,2,"Rare Transitions"
958,501.468,0.707908699657023,2,"Rare Transitions"
959,501.992,0.708962425029324,2,"Rare Transitions"
960,502.516,0.708896942101233,2,"Rare Transitions"
961,503.04,0.709184971147636,2,"Rare Transitions"
962,503.564,0.708587164749112,2,"Rare Transitions"
963,504.088,0.708526092076255,2,"Rare Transitions"
964,504.612,0.708553861281834,2,"Rare Transitions"
965,505.136,0.708538934195414,2,"Rare Transitions"
966,505.66,0.707845173795195,2,"Rare Transitions"
967,506.184,0.707866287611518,2,"Rare Transitions"
968,506.708,0.708456736350665,2,"Rare Transitions"
969,507.232,0.708192836522544,2,"Rare Transitions"
970,507.756,0.708530556140793,2,"Rare Transitions"
971,508.28,0.707824328082055,2,"Rare Transitions"
972,508.804,0.707893766350578,2,"Rare Transitions"
973,509.328,0.707989480418153,2,"Rare Transitions"
974,509.852,0.708973126820335,2,"Rare Transitions"
975,510.376,0.707990393399168,2,"Rare Transitions"
976,510.9,0.708096794726653,2,"Rare Transitions"
977,511.424,0.708544563672505,2,"Rare Transitions"
978,511.948,0.708322821130976,2,"Rare Transitions"
979,512.472,0.708581485558115,2,"Rare Transitions"
980,512.996,0.70918518582778,2,"Rare Transitions"
981,513.52,0.70798252991708,2,"Rare Transitions"
982,514.044,0.708332005947689,2,"Rare Transitions"
983,514.568,0.708223726868536,2,"Rare Transitions"
984,515.092,0.70910869669388,2,"Rare Transitions"
985,515.616,0.708109123843117,2,"Rare Transitions"
986,516.14,0.70845420432887,2,"Rare Transitions"
987,516.664,0.708898157443479,2,"Rare Transitions"
988,517.188,0.708002850405872,2,"Rare Transitions"
989,517.712,0.709131477815658,2,"Rare Transitions"
990,518.236,0.708850565947872,2,"Rare Transitions"
991,518.76,0.707997911068518,2,"Rare Transitions"
992,519.284,0.708745410899445,2,"Rare Transitions"
993,519.808,0.708381761181122,2,"Rare Transitions"
994,520.332,0.708672125197574,2,"Rare Transitions"
995,520.856,0.708449814849207,2,"Rare Transitions"
996,521.38,0.709000929034874,2,"Rare Transitions"
997,521.904,0.707923664287198,2,"Rare Transitions"
998,522.428,0.708220868711732,2,"Rare Transitions"
999,522.952,0.708362249307195,2,"Rare Transitions"
1000,523.476,0.708023543572286,2,"Rare Transitions"
